id	title	status	published	video_path	video_bytes	updated_at	url
-0g3lLGxNfc	“This UFO Shut Down 10 Nukes!” - Air Force Officer Robert Salas	archived		videos/this-ufo-shut-down-10-nukes-air-force-officer-robert-salas--0g3lLGxNfc.mp4	3690723375	2026-07-10T11:12:26Z	https://youtu.be/-0g3lLGxNfc
-XdvIrexF08	“If You Knew What I Knew!” -Jeremy Corbell UNLEASHES On Jesse Michels	archived		videos/if-you-knew-what-i-knew-jeremy-corbell-unleashes-on-jesse-michels--XdvIrexF08.mp4	4008459328	2026-07-10T11:12:23Z	https://youtu.be/-XdvIrexF08
09KP8XVf5nY	Presidential Advisor: “I Directly Handled UFO Material” (Ft. Harald Malmgren)	archived		videos/presidential-advisor-i-directly-handled-ufo-material-ft-harald-malmgren-09KP8XVf5nY.mp4	7203162513	2026-07-10T11:12:26Z	https://youtu.be/09KP8XVf5nY
0qlppHc3-gg	"""These Children Can Read Your Mind!” (ft. Ky Dickens | Telepathy Tapes Documentary)"	archived		videos/these-children-can-read-your-mind-ft-ky-dickens-telepathy-tapes-documentary-0qlppHc3-gg.mp4	2568064646	2026-07-10T11:12:27Z	https://youtu.be/0qlppHc3-gg
1f16VvXaSSE	“Multiple Alien Groups May Be Visiting Earth!” (Lue Elizondo Documentary)	archived		videos/multiple-alien-groups-may-be-visiting-earth-lue-elizondo-documentary-1f16VvXaSSE.mp4	4721243671	2026-07-10T11:12:28Z	https://youtu.be/1f16VvXaSSE
1iaH1a3A4Lk	UFO Skeptic Mick West Challenged To A Debate	archived		videos/ufo-skeptic-mick-west-challenged-to-a-debate-1iaH1a3A4Lk.mp4	8322157458	2026-07-10T11:12:27Z	https://youtu.be/1iaH1a3A4Lk
1sxmSMzqnmA	“I Operated a UFO… It’s Not What You Think” -Army Sergeant Lyn Buchanan	archived		videos/i-operated-a-ufo-its-not-what-you-think-army-sergeant-lyn-buchanan-1sxmSMzqnmA.mp4	4905798893	2026-07-10T11:12:23Z	https://youtu.be/1sxmSMzqnmA
1zRWi_r3HRM	"""100,000 UFOs Are Surrounding Earth!"" ft. Top Astronomer Beatriz Villarroel"	archived		videos/100-000-ufos-are-surrounding-earth-ft-top-astronomer-beatriz-villarroel-1zRWi_r3HRM.mp4	2700296429	2026-07-10T11:12:24Z	https://youtu.be/1zRWi_r3HRM
2-GeTxXi670	The CIA Scientist That Contacted an Alien Council	archived		videos/the-cia-scientist-that-contacted-an-alien-council-2-GeTxXi670.mp4	5920636349	2026-07-10T11:12:23Z	https://youtu.be/2-GeTxXi670
2Mb6NPPjCyg	Martin Shkreli on Life in Prison, Pharma, UFO’s	archived		videos/martin-shkreli-on-life-in-prison-pharma-ufos-2Mb6NPPjCyg.mp4	503857662	2026-07-10T11:12:29Z	https://youtu.be/2Mb6NPPjCyg
2SQXAPCdmPE	The Man Involved In Every American Conspiracy	archived		videos/the-man-involved-in-every-american-conspiracy-2SQXAPCdmPE.mp4	5068386144	2026-07-10T11:12:29Z	https://youtu.be/2SQXAPCdmPE
2Xxmguz0GEQ	"CIA Contractor: ""Obama Received An Alien Prophecy"""	archived		videos/cia-contractor-obama-received-an-alien-prophecy-2Xxmguz0GEQ.mp4	4188974842	2026-07-10T11:12:27Z	https://youtu.be/2Xxmguz0GEQ
2ttdlCa5ZCI	The Lone Hacker That Found NASA’s Secret Space Fleet [Gary McKinnon Interview]	archived		videos/the-lone-hacker-that-found-nasas-secret-space-fleet-gary-mckinnon-interview-2ttdlCa5ZCI.mp4	2392110383	2026-07-10T11:12:24Z	https://youtu.be/2ttdlCa5ZCI
335V-grwi8c	It’s Probably Nothing - LIVE Tour 2026	archived		videos/its-probably-nothing-live-tour-2026-335V-grwi8c.mp4	154782433	2026-07-10T11:12:24Z	https://youtu.be/335V-grwi8c
4U3JaHp2B5Y	Tinder Founder Shares Priceless Investing Secrets	archived		videos/tinder-founder-shares-priceless-investing-secrets-4U3JaHp2B5Y.mp4	100842174	2026-07-10T11:12:30Z	https://youtu.be/4U3JaHp2B5Y
51N8OxqZIWY	Jeffrey Epstein & Aliens: The Global Satanic Cabal (ft. Jay Anderson & Kurt Metzger)	archived		videos/jeffrey-epstein-aliens-the-global-satanic-cabal-ft-jay-anderson-kurt-metzger-51N8OxqZIWY.mp4	8522750925	2026-07-10T11:12:26Z	https://youtu.be/51N8OxqZIWY
5Ne8ZbYxjKs	Why American Sperm Count Dropped 41% in 50 years	archived		videos/why-american-sperm-count-dropped-41-in-50-years-5Ne8ZbYxjKs.mp4	356902674	2026-07-10T11:12:30Z	https://youtu.be/5Ne8ZbYxjKs
5OUzGygIrSw	“Aliens Taught Me Advanced Physics!” (Ft. Dave Rossi)	archived		videos/aliens-taught-me-advanced-physics-ft-dave-rossi-5OUzGygIrSw.mp4	482569576	2026-07-10T11:12:27Z	https://youtu.be/5OUzGygIrSw
5udx_SDdL3Y	Did Oppenheimer Work on UFOs?	archived		videos/did-oppenheimer-work-on-ufos-5udx_SDdL3Y.mp4	1207760265	2026-07-10T11:12:28Z	https://youtu.be/5udx_SDdL3Y
6WC4o2yY9Ws	US Fighter Pilots Witness UFO (ft. Ryan Graves)	archived		videos/us-fighter-pilots-witness-ufo-ft-ryan-graves-6WC4o2yY9Ws.mp4	2349315620	2026-07-10T11:12:27Z	https://youtu.be/6WC4o2yY9Ws
6bqaHVSlVeU	MIT Scientist: “Your Brain Evolved To Ignore Aliens – They’re Everywhere!”	archived		videos/mit-scientist-your-brain-evolved-to-ignore-aliens-theyre-everywhere-6bqaHVSlVeU.mp4	3164141938	2026-07-10T11:12:23Z	https://youtu.be/6bqaHVSlVeU
73YBwFvcmF8	Meet The Nuclear Base Employee Abducted By Aliens (Ft. Mario Woods)	archived		videos/meet-the-nuclear-base-employee-abducted-by-aliens-ft-mario-woods-73YBwFvcmF8.mp4	6772174591	2026-07-10T11:12:27Z	https://youtu.be/73YBwFvcmF8
75Je_0hZovQ	The CIA’s Mind Control Program (Ft. Tom O’Neill)	archived		videos/the-cias-mind-control-program-ft-tom-oneill-75Je_0hZovQ.mp4	768110236	2026-07-10T11:12:28Z	https://youtu.be/75Je_0hZovQ
7W7iOt57fOo	I Searched for UFOs on Skinwalker Ranch…	archived		videos/i-searched-for-ufos-on-skinwalker-ranch-7W7iOt57fOo.mp4	178302601	2026-07-10T11:12:29Z	https://youtu.be/7W7iOt57fOo
8Rr_nE65KkI	I Debated The President’s New UFO Advisor (It Got Ugly...)	archived		videos/i-debated-ufos-with-americas-top-skeptic-it-got-ugly-8Rr_nE65KkI.mp4	2445834165	2026-07-10T11:12:23Z	https://youtu.be/8Rr_nE65KkI
8TYMQOUDQBo	Meet the Navy Scientist With UFO Patents (Ft. Salvatore Pais)	archived		videos/meet-the-navy-scientist-with-ufo-patents-ft-salvatore-pais-8TYMQOUDQBo.mp4	1802560834	2026-07-10T11:12:27Z	https://youtu.be/8TYMQOUDQBo
8XD1ZiuhXoY	“DMT Opens The Alien Realm!” - Neuroscientist Andrew Gallimore	archived		videos/dmt-opens-the-alien-realm-neuroscientist-andrew-gallimore-8XD1ZiuhXoY.mp4	5616476779	2026-07-10T11:12:26Z	https://youtu.be/8XD1ZiuhXoY
92XrddiKjHY	"""The Pyramids Are NOT What We Think!"" (Ft. Luke Caverns)"	archived		videos/the-pyramids-are-not-what-we-think-ft-luke-caverns-92XrddiKjHY.mp4	6104975107	2026-07-10T11:12:26Z	https://youtu.be/92XrddiKjHY
9LGohiMmlu4	Mushrooms Are Alien Mind Control Capsules (ft. Tero Isokauppila)	archived		videos/mushrooms-are-alien-mind-control-capsules-ft-tero-isokauppila-9LGohiMmlu4.mp4	159865744	2026-07-10T11:12:29Z	https://youtu.be/9LGohiMmlu4
9PJJiut0Iuw	Graham Hancock: The Great Pyramid Is a “Stargate” for Consciousness!	archived		videos/graham-hancock-the-great-pyramid-is-a-stargate-for-consciousness-9PJJiut0Iuw.mp4	836468536	2026-07-10T11:12:28Z	https://youtu.be/9PJJiut0Iuw
9QMrhcpJq8I	The Age of Psionics: UFOs, Mind Control, & Global Power Structures (Ft. Matthew Pines)	archived		videos/the-age-of-psionics-ufos-mind-control-global-power-structures-ft-matthew-pines-9QMrhcpJq8I.mp4	2057079352	2026-07-10T11:12:27Z	https://youtu.be/9QMrhcpJq8I
A2-y_HasHEw	Congressman Reveals The Alien Brief That Changed The President’s Life	archived		videos/congressman-reveals-the-alien-brief-that-changed-the-presidents-life-A2-y_HasHEw.mp4	3838468997	2026-07-10T11:12:23Z	https://youtu.be/A2-y_HasHEw
ABOP8ZJsyIk	"""Aliens Live Among Us...I've Met Them!"" -Whitley Strieber Tells All"	archived		videos/aliens-live-among-us-i-ve-met-them-whitley-strieber-tells-all-ABOP8ZJsyIk.mp4	496996184	2026-07-10T11:12:27Z	https://youtu.be/ABOP8ZJsyIk
ABw7EsWh2Us	“I Found Hitler’s Secret UFO Program!” -Jason Jorjani	archived		videos/i-found-hitlers-secret-ufo-program-jason-jorjani-ABw7EsWh2Us.mp4	4114978418	2026-07-10T11:12:24Z	https://youtu.be/ABw7EsWh2Us
ATJwqp5twAg	CIA Chief: “I’m a Time Traveler!”	archived		videos/cia-chief-im-a-time-traveler-ATJwqp5twAg.mp4	10190826152	2026-07-10T11:12:24Z	https://youtu.be/ATJwqp5twAg
AVJEXCTAJUc	Why Jonah Hill Made A Documentary About My Family	archived		videos/why-jonah-hill-made-a-documentary-about-my-family-AVJEXCTAJUc.mp4	428218701	2026-07-10T11:12:29Z	https://youtu.be/AVJEXCTAJUc
A_LsUSxTm7A	Something Big Happened In 12,000 BC...	archived		videos/something-big-happened-in-12-000-bc-A_LsUSxTm7A.mp4	5383292920	2026-07-10T11:12:28Z	https://youtu.be/A_LsUSxTm7A
BRvYPmVsx0k	Garrett McNamara on How He Surfed the 100 Ft Wave	archived		videos/garrett-mcnamara-on-how-he-surfed-the-100-ft-wave-BRvYPmVsx0k.mp4	626099440	2026-07-10T11:12:29Z	https://youtu.be/BRvYPmVsx0k
C4rSj5Aum7w	UFOs & JFK: He Knew Too Much! (Ft. Danny Sheehan)	archived		videos/ufos-jfk-he-knew-too-much-ft-danny-sheehan-C4rSj5Aum7w.mp4	9248933626	2026-07-10T11:12:26Z	https://youtu.be/C4rSj5Aum7w
C_Na1tI5qpw	Joe Rogan: The Truth About Aliens (He Finally Says It)	archived		videos/joe-rogan-the-truth-about-aliens-he-finally-says-it-C_Na1tI5qpw.mp4	4744341392	2026-07-10T11:12:24Z	https://youtu.be/C_Na1tI5qpw
CiQTBOQ1dTg	“We Captured a 12 Foot Giant in Afghanistan!” -Tim Alberino	archived		videos/we-captured-a-12-foot-giant-in-afghanistan-tim-alberino-CiQTBOQ1dTg.mp4	7610920920	2026-07-10T11:12:24Z	https://youtu.be/CiQTBOQ1dTg
D2tKCFmJjks	“I Saw A 300ft UFO In The Indonesian Jungle” (Ft. Michael Herrera & UAPGerb)	archived		videos/i-saw-a-300ft-ufo-in-the-indonesian-jungle-ft-michael-herrera-uapgerb-D2tKCFmJjks.mp4	4364106941	2026-07-10T11:12:27Z	https://youtu.be/D2tKCFmJjks
DPmO-2E7Ayg	Breaking UFO Story: ‘Immaculate Constellation’ UFO Program (Ft. Michael Shellenberger)	archived		videos/breaking-ufo-story-immaculate-constellation-ufo-program-ft-michael-shellenberger-DPmO-2E7Ayg.mp4	954138629	2026-07-10T11:12:28Z	https://youtu.be/DPmO-2E7Ayg
DRVaf3M4FHw	Tyler Cowen: Satoshi Identity, UFOs, Esoteric Jesus	archived		videos/tyler-cowen-satoshi-identity-ufos-esoteric-jesus-DRVaf3M4FHw.mp4	453270301	2026-07-10T11:12:29Z	https://youtu.be/DRVaf3M4FHw
EzPmG_7WhXc	“Aliens Invented Religion To Control Humanity!” -Top Philosopher Jason Jorjani	archived		videos/aliens-invented-religion-to-control-humanity-top-philosopher-jason-jorjani-EzPmG_7WhXc.mp4	1044436283	2026-07-10T11:12:25Z	https://youtu.be/EzPmG_7WhXc
G7Ns4Aq1tVc	“We Have Antigravity UFOs!” (ft. Nick Cook)	archived		videos/we-have-antigravity-ufos-ft-nick-cook-G7Ns4Aq1tVc.mp4	2953508249	2026-07-10T11:12:29Z	https://youtu.be/G7Ns4Aq1tVc
GQlWf54K_7Y	The Defense Secretary Killed Over UFOs (Ft. Richard Dolan)	archived		videos/the-defense-secretary-killed-over-ufos-ft-richard-dolan-GQlWf54K_7Y.mp4	1931869970	2026-07-10T11:12:26Z	https://youtu.be/GQlWf54K_7Y
HUGNqAyBUDw	Why the Soylent Founder Moved to a Goat Farm	archived		videos/why-the-soylent-founder-moved-to-a-goat-farm-HUGNqAyBUDw.mp4	582778339	2026-07-10T11:12:30Z	https://youtu.be/HUGNqAyBUDw
HxQN2tkQHs8	Peru’s Three Fingered “Aliens” (WTF Are These?!)	archived		videos/perus-three-fingered-aliens-wtf-are-these-HxQN2tkQHs8.mp4	3261415487	2026-07-10T11:12:26Z	https://youtu.be/HxQN2tkQHs8
I9VyyV4-3Js	"""Jesus Was In A Secret Occult Group!"" -Top Researcher Brian Muraresku"	archived		videos/jesus-was-in-a-secret-occult-group-top-researcher-brian-muraresku-I9VyyV4-3Js.mp4	349402800	2026-07-10T11:12:30Z	https://youtu.be/I9VyyV4-3Js
IFaXi-NrPV0	“I Was Taken By Aliens In 1997!” -President of Russian Republic	archived		videos/i-was-taken-by-aliens-in-1997-president-of-russian-republic-IFaXi-NrPV0.mp4	837528763	2026-07-10T11:12:24Z	https://youtu.be/IFaXi-NrPV0
IWui5cBkwoE	NASA Whistleblower: “We Systematically Suppress UFO Data!”	archived		videos/nasa-whistleblower-we-systematically-suppress-ufo-data-IWui5cBkwoE.mp4	2826207043	2026-07-10T11:12:24Z	https://youtu.be/IWui5cBkwoE
JE1oM89dpBc	Legendary Hip Hop Artist Reveals UFO Obsession (Ft. Flying Lotus)	archived		videos/legendary-hip-hop-artist-reveals-ufo-obsession-ft-flying-lotus-JE1oM89dpBc.mp4	2868164652	2026-07-10T11:12:26Z	https://youtu.be/JE1oM89dpBc
JGE1NIGhBzw	The Moon Is An Alien Spaceship (Ft. Randall Carlson)	archived		videos/the-moon-is-an-alien-spaceship-ft-randall-carlson-JGE1NIGhBzw.mp4	1338005652	2026-07-10T11:12:26Z	https://youtu.be/JGE1NIGhBzw
JpLThEF2dTM	“Mars Had Alien Life!” (Ft. Joe McMoneagle)	archived		videos/mars-had-alien-life-ft-joe-mcmoneagle-JpLThEF2dTM.mp4	9760761834	2026-07-10T11:12:27Z	https://youtu.be/JpLThEF2dTM
Jpf0ZGY87c0	Did Henry Kissinger Oversee A UFO Crash Retrieval Program?	archived		videos/did-henry-kissinger-oversee-a-ufo-crash-retrieval-program-Jpf0ZGY87c0.mp4	1505424219	2026-07-10T11:12:26Z	https://youtu.be/Jpf0ZGY87c0
KGD1nuM4MR8	"“Tesla's Technology is Still Classified!"" (Ft. Senate Staffer Kirk McConnell)"	archived		videos/tesla-s-technology-is-still-classified-ft-senate-staffer-kirk-mcconnell-KGD1nuM4MR8.mp4	4916906327	2026-07-10T11:12:27Z	https://youtu.be/KGD1nuM4MR8
KRDE1i3LDuU	Plato’s Cave & UFOs: Consciousness Is Key (ft. James Madden)	archived		videos/platos-cave-ufos-consciousness-is-key-ft-james-madden-KRDE1i3LDuU.mp4	3314455879	2026-07-10T11:12:26Z	https://youtu.be/KRDE1i3LDuU
KhmUixSXxDo	Alex Jones Getting Drunk & Painting Rocks [INTERVIEW]	archived		videos/alex-jones-getting-drunk-painting-rocks-interview-KhmUixSXxDo.mp4	428495474	2026-07-10T11:12:29Z	https://youtu.be/KhmUixSXxDo
LnAiNChnuEQ	Eric Davis: “A US President Was Briefed on UFOs!”	archived		videos/eric-davis-a-us-president-was-briefed-on-ufos-LnAiNChnuEQ.mp4	1835354284	2026-07-10T11:12:27Z	https://youtu.be/LnAiNChnuEQ
LpLFWdsIU7M	UFO Physics & Disclosure Under Trump (ft. Matthew Pines)	archived		videos/ufo-physics-disclosure-under-trump-ft-matthew-pines-LpLFWdsIU7M.mp4	2530546626	2026-07-10T11:12:28Z	https://youtu.be/LpLFWdsIU7M
NvQXmtcwHA8	BREAKING: Massive Energy Grid Found Beneath Pyramids of Egypt	archived		videos/breaking-massive-energy-grid-found-beneath-pyramids-of-egypt-NvQXmtcwHA8.mp4	9431526272	2026-07-10T11:12:24Z	https://youtu.be/NvQXmtcwHA8
OB8CsDl9_XU	Jake Paul Reflects on Whole Career	archived		videos/jake-paul-reflects-on-whole-career-OB8CsDl9_XU.mp4	60209719	2026-07-10T11:12:30Z	https://youtu.be/OB8CsDl9_XU
OOr98r51Sj0	Why The Pentagon Tried To Censor This UFO Book	archived		videos/why-the-pentagon-tried-to-censor-this-ufo-book-OOr98r51Sj0.mp4	4182443368	2026-07-10T11:12:23Z	https://youtu.be/OOr98r51Sj0
PiFbeWfA3LM	“I Was Taken By The UFO Program As a Kid!” [Exclusive Interview]	archived		videos/i-was-taken-by-the-ufo-program-as-a-kid-exclusive-interview-PiFbeWfA3LM.mp4	3320146793	2026-07-10T11:12:23Z	https://youtu.be/PiFbeWfA3LM
Qe8br8yYEDM	Meet the Nuclear Missile Guard Abducted by Aliens	archived		videos/meet-the-nuclear-missile-guard-abducted-by-aliens-Qe8br8yYEDM.mp4	1217831210	2026-07-10T11:12:24Z	https://youtu.be/Qe8br8yYEDM
QgxjtDS2sIQ	"“I Spent 3 Years With Tall White Aliens At Area 51"" -UFO Whistleblower Charles Hall"	archived		videos/i-spent-3-years-with-tall-white-aliens-at-area-51-ufo-whistleblower-charles-hall-QgxjtDS2sIQ.mp4	647594766	2026-07-10T11:12:26Z	https://youtu.be/QgxjtDS2sIQ
QkuDvTFN7ms	The Bizarre Alien Abduction Details The Government Will Never Disclose	archived		videos/the-bizarre-alien-abduction-details-the-government-will-never-disclose-QkuDvTFN7ms.mp4	4405016876	2026-07-10T11:12:23Z	https://youtu.be/QkuDvTFN7ms
RNjC1vLcxKo	“Artificial Intelligence Is An Alien Life Form” -Google Whistleblower (Blake Lemoine)	archived		videos/artificial-intelligence-is-an-alien-life-form-google-whistleblower-blake-lemoine-RNjC1vLcxKo.mp4	493715708	2026-07-10T11:12:29Z	https://youtu.be/RNjC1vLcxKo
RROhyVQ-QJk	The Mysterious Origins of Lyme Disease	archived		videos/the-mysterious-origins-of-lyme-disease-RROhyVQ-QJk.mp4	546670348	2026-07-10T11:12:30Z	https://youtu.be/RROhyVQ-QJk
RTEWLSTyUic	The CIA Scientist Who Built UFOs Before Bob Lazar (Townsend Brown Documentary)	archived		videos/the-cia-scientist-who-built-ufos-before-bob-lazar-townsend-brown-documentary-RTEWLSTyUic.mp4	3672085059	2026-07-10T11:12:29Z	https://youtu.be/RTEWLSTyUic
Rfmy5oW_r9c	“The NSA Hired Me To Speak To Aliens!” -Sergeant Dan Sherman	archived		videos/the-nsa-hired-me-to-speak-to-aliens-sergeant-dan-sherman-Rfmy5oW_r9c.mp4	5605498629	2026-07-10T11:12:25Z	https://youtu.be/Rfmy5oW_r9c
Rjr3Yq-dMUE	The Man Sitting On More UFO Evidence Than Anyone Alive	archived		videos/the-man-sitting-on-more-ufo-evidence-than-anyone-alive-Rjr3Yq-dMUE.mp4	3424642946	2026-07-10T11:12:24Z	https://youtu.be/Rjr3Yq-dMUE
RofQnByLwOo	Your Brain Is A Quantum Time Machine (ft. Eric Wargo)	archived		videos/your-brain-is-a-quantum-time-machine-ft-eric-wargo-RofQnByLwOo.mp4	1178084372	2026-07-10T11:12:28Z	https://youtu.be/RofQnByLwOo
SZBI85yvV5A	My Joe Rogan Appearance: What I Learned (ft. Young Jamie & Viktor Hovland)	archived		videos/my-joe-rogan-appearance-what-i-learned-ft-young-jamie-viktor-hovland-SZBI85yvV5A.mp4	1032993756	2026-07-10T11:12:26Z	https://youtu.be/SZBI85yvV5A
ScE9FaDy-mE	Spielberg Just Revealed The Truth About Aliens (He Knows!)	archived		videos/spielberg-just-revealed-the-truth-about-aliens-he-knows-ScE9FaDy-mE.mp4	1846092162	2026-07-10T11:12:23Z	https://youtu.be/ScE9FaDy-mE
Sct30Qijfv8	“I Saw Alien Technology At A Military Base!” (Ft. Randy Anderson)	archived		videos/i-saw-alien-technology-at-a-military-base-ft-randy-anderson-Sct30Qijfv8.mp4	334430906	2026-07-10T11:12:27Z	https://youtu.be/Sct30Qijfv8
TH10mD9hQas	How I Know David Grusch Is Not Lying…	archived		videos/how-i-know-david-grusch-is-not-lying-TH10mD9hQas.mp4	532485061	2026-07-10T11:12:29Z	https://youtu.be/TH10mD9hQas
TNtlzEnl8rA	NASA Doctor: “I Saw This UFO In A Secret Hangar!” (Ft. Greg Rogers)	archived		videos/nasa-doctor-i-saw-this-ufo-in-a-secret-hangar-ft-greg-rogers-TNtlzEnl8rA.mp4	7478673974	2026-07-10T11:12:26Z	https://youtu.be/TNtlzEnl8rA
UkKwa4jU0fc	“My Hospital Operated On An Alien!” -Top Surgeon [Exclusive Interview]	archived		videos/my-hospital-operated-on-an-alien-top-surgeon-exclusive-interview-UkKwa4jU0fc.mp4	6552687030	2026-07-10T11:12:24Z	https://youtu.be/UkKwa4jU0fc
UrHLTFvdEZk	Exposing the CIA's Darkest Mind Control Secrets	archived		videos/exposing-the-cia-s-darkest-mind-control-secrets-UrHLTFvdEZk.mp4	3338303480	2026-07-10T11:12:24Z	https://youtu.be/UrHLTFvdEZk
V00WcEiKRAY	"""I Located A UFO Base In Arizona!"" -Ross Coulthart"	archived		videos/i-located-a-ufo-base-in-arizona-ross-coulthart-V00WcEiKRAY.mp4	3441674375	2026-07-10T11:12:26Z	https://youtu.be/V00WcEiKRAY
WBTqsbwJyqU	“Aliens” Drove This Man Insane! (Ft. Greg Bishop)	archived		videos/aliens-drove-this-man-insane-ft-greg-bishop-WBTqsbwJyqU.mp4	2613561091	2026-07-10T11:12:26Z	https://youtu.be/WBTqsbwJyqU
Y26iMB0r-f8	"""Aliens Are Humans From The Future!"" (Ft. Mike Masters & David Grusch)"	archived		videos/aliens-are-humans-from-the-future-ft-mike-masters-david-grusch-Y26iMB0r-f8.mp4	1463402719	2026-07-10T11:12:29Z	https://youtu.be/Y26iMB0r-f8
Y7PLeu5rTv4	CIA Historian: “Aliens Are Controlling Human Timelines!” (ft. Peter Levenda)	archived		videos/cia-historian-aliens-are-controlling-human-timelines-ft-peter-levenda-Y7PLeu5rTv4.mp4	1401354759	2026-07-10T11:12:24Z	https://youtu.be/Y7PLeu5rTv4
ZTIO-xAP0Dw	Eric Weinstein Reveals UFO Physics! (Exclusive Interview)	archived		videos/eric-weinstein-reveals-ufo-physics-exclusive-interview-ZTIO-xAP0Dw.mp4	1081597486	2026-07-10T11:12:30Z	https://youtu.be/ZTIO-xAP0Dw
_CBtd8Om-hU	Wim Hof Says His Immune System Can Handle ANYTHING	archived		videos/wim-hof-says-his-immune-system-can-handle-anything-_CBtd8Om-hU.mp4	484552777	2026-07-10T11:12:30Z	https://youtu.be/_CBtd8Om-hU
_bM9eAtCOGw	Harvard is Studying UFOs (Ft. Avi Loeb)	archived		videos/harvard-is-studying-ufos-ft-avi-loeb-_bM9eAtCOGw.mp4	338346428	2026-07-10T11:12:29Z	https://youtu.be/_bM9eAtCOGw
aGqFOxuYRT0	“There's A UFO On The Seafloor!” -Treasure Hunter Dennis Asberg	archived		videos/there-s-a-ufo-on-the-seafloor-treasure-hunter-dennis-asberg-aGqFOxuYRT0.mp4	2430217754	2026-07-10T11:12:24Z	https://youtu.be/aGqFOxuYRT0
aKZ_MUbuk_Q	“Aliens Are Simulating Our Reality” -Top MIT Scientist Riz Virk	archived		videos/aliens-are-simulating-our-reality-top-mit-scientist-riz-virk-aKZ_MUbuk_Q.mp4	3981242819	2026-07-10T11:12:28Z	https://youtu.be/aKZ_MUbuk_Q
aa9Xx5wI8Rw	The Biblical Truth of UFOs & Angels (Ft. Karl Nell & Diana Pasulka)	archived		videos/the-biblical-truth-of-ufos-angels-ft-karl-nell-diana-pasulka-aa9Xx5wI8Rw.mp4	2949456049	2026-07-10T11:12:27Z	https://youtu.be/aa9Xx5wI8Rw
aku3ufVb-AQ	The “Clock” That Can Predict Death	archived		videos/the-clock-that-can-predict-death-aku3ufVb-AQ.mp4	241849041	2026-07-10T11:12:30Z	https://youtu.be/aku3ufVb-AQ
areO7Mej44E	“UFO Secrets Are Held By A Global Cabal” (Ft. Steven Greer)	archived		videos/ufo-secrets-are-held-by-a-global-cabal-ft-steven-greer-areO7Mej44E.mp4	5746245615	2026-07-10T11:12:26Z	https://youtu.be/areO7Mej44E
bM18PJY6_Zc	Why NASA Studies This Man (He Attracts UFOs!)	archived		videos/why-nasa-studies-this-man-he-attracts-ufos-bM18PJY6_Zc.mp4	7053027471	2026-07-10T11:12:24Z	https://youtu.be/bM18PJY6_Zc
bVhSPH2A5Vw	The Most Important UFO Investigator On The Planet (ft. James Fox)	archived		videos/the-most-important-ufo-investigator-on-the-planet-ft-james-fox-bVhSPH2A5Vw.mp4	4150333395	2026-07-10T11:12:28Z	https://youtu.be/bVhSPH2A5Vw
d9tdJ2SkBKQ	A Weekend With Bob Lazar: Inside Area51's UFOs	archived		videos/a-weekend-with-bob-lazar-inside-area51-s-ufos-d9tdJ2SkBKQ.mp4	6777723099	2026-07-10T11:12:24Z	https://youtu.be/d9tdJ2SkBKQ
dfPfPB601hw	Graham Hancock: Aliens, Atlantis & the Apocalypse	archived		videos/graham-hancock-aliens-atlantis-the-apocalypse-dfPfPB601hw.mp4	352078863	2026-07-10T11:12:29Z	https://youtu.be/dfPfPB601hw
dnnpyNuPdXs	"""I Retrieved a UFO With My Helicopter!"" -Jake Barber"	archived		videos/i-retrieved-a-ufo-with-my-helicopter-jake-barber-dnnpyNuPdXs.mp4	3048632179	2026-07-10T11:12:27Z	https://youtu.be/dnnpyNuPdXs
dzTZbSNsKV8	“These Are Parts Of an Alien UFO!” -Stanford Scientist Garry Nolan	archived		videos/these-are-parts-of-an-alien-ufo-stanford-scientist-garry-nolan-dzTZbSNsKV8.mp4	150726800	2026-07-10T11:12:30Z	https://youtu.be/dzTZbSNsKV8
eQIMantuasQ	Why The CIA Ran A Psychic Spy Program	archived		videos/why-the-cia-ran-a-psychic-spy-program-eQIMantuasQ.mp4	509157399	2026-07-10T11:12:30Z	https://youtu.be/eQIMantuasQ
fJ6xNDu8MPU	How to Find your Calling | Robert Greene & Ryan Holiday	archived		videos/how-to-find-your-calling-robert-greene-ryan-holiday-fJ6xNDu8MPU.mp4	364691280	2026-07-10T11:12:30Z	https://youtu.be/fJ6xNDu8MPU
fZDlqneYEYY	How This Investor Helped After a Nuclear Disaster	archived		videos/how-this-investor-helped-after-a-nuclear-disaster-fZDlqneYEYY.mp4	194091437	2026-07-10T11:12:30Z	https://youtu.be/fZDlqneYEYY
fyX8V1XXmQM	He's Seen More UFO Evidence Than Anyone Alive (Ft. Jacques Vallee)	archived		videos/he-s-seen-more-ufo-evidence-than-anyone-alive-ft-jacques-vallee-fyX8V1XXmQM.mp4	201645761	2026-07-10T11:12:29Z	https://youtu.be/fyX8V1XXmQM
fzvwBBSmWYA	UFOs Are Monitoring Nuclear Bases Globally (Ft. Robert Hastings)	archived		videos/ufos-are-monitoring-nuclear-bases-globally-ft-robert-hastings-fzvwBBSmWYA.mp4	4135565332	2026-07-10T11:12:27Z	https://youtu.be/fzvwBBSmWYA
h0hAit-KH9A	The Wall Street Journal Is Lying About UFOs	archived		videos/the-wall-street-journal-is-lying-about-ufos-h0hAit-KH9A.mp4	669636095	2026-07-10T11:12:26Z	https://youtu.be/h0hAit-KH9A
h3u8EkGI8OQ	"""Aliens Are Accelerating Human Evolution!"" (Ft. Chris Ramsay)"	archived		videos/aliens-are-accelerating-human-evolution-ft-chris-ramsay-h3u8EkGI8OQ.mp4	2605542018	2026-07-10T11:12:27Z	https://youtu.be/h3u8EkGI8OQ
hBrfe4hFuM0	Army Captures Live Alien (Hospital Report Revealed!)	archived		videos/army-captures-live-alien-hospital-report-revealed-hBrfe4hFuM0.mp4	5771016365	2026-07-10T11:12:24Z	https://youtu.be/hBrfe4hFuM0
hXYdkcv5TtY	UFOs, Synchronicities & Prophetic Dreams (Ft. Eric Wargo)	archived		videos/ufos-synchronicities-prophetic-dreams-ft-eric-wargo-hXYdkcv5TtY.mp4	2945301209	2026-07-10T11:12:28Z	https://youtu.be/hXYdkcv5TtY
iPxbILOMQ08	Meet The Scientist Who Studies Alien Implants in Human Bodies	archived		videos/meet-the-scientist-who-studies-alien-implants-in-human-bodies-iPxbILOMQ08.mp4	1556802746	2026-07-10T11:12:24Z	https://youtu.be/iPxbILOMQ08
iQOibpIDx-4	Eric Weinstein Debates CIA UFO Expert Hal Puthoff	archived		videos/eric-weinstein-debates-cia-ufo-expert-hal-puthoff-iQOibpIDx-4.mp4	393306769	2026-07-10T11:12:29Z	https://youtu.be/iQOibpIDx-4
jMCavr3dVP0	Former NSA Director Breaks Silence on UFOs	archived		videos/former-nsa-director-breaks-silence-on-ufos-jMCavr3dVP0.mp4	8656304413	2026-07-10T11:12:23Z	https://youtu.be/jMCavr3dVP0
jyTKETcxj0M	UFOs & Nukes: The Bizarre Truth Ft. RedPandaKoala	archived		videos/ufos-nukes-the-bizarre-truth-ft-redpandakoala-jyTKETcxj0M.mp4	193049117	2026-07-10T11:12:29Z	https://youtu.be/jyTKETcxj0M
kRO5jOa06Qw	If You Still Think UFOs Are Fake, Watch This (David Grusch Interview)	archived		videos/if-you-still-think-ufos-are-fake-watch-this-david-grusch-interview-kRO5jOa06Qw.mp4	3288648813	2026-07-10T11:12:29Z	https://youtu.be/kRO5jOa06Qw
lbGE3EC6StE	Meet the Astronomer Tracking UFOs	archived		videos/meet-the-astronomer-tracking-ufos-lbGE3EC6StE.mp4	316970734	2026-07-10T11:12:27Z	https://youtu.be/lbGE3EC6StE
mOWwdIuyaQA	"NASA Chief: ""We Just Built Antigravity Propulsion!”"	archived		videos/nasa-chief-we-just-built-antigravity-propulsion-mOWwdIuyaQA.mp4	3849819603	2026-07-10T11:12:24Z	https://youtu.be/mOWwdIuyaQA
nTiFs8LudUo	UAPGerb: “The New Area51 Is HERE in Utah!”	archived		videos/uapgerb-the-new-area51-is-here-in-utah-nTiFs8LudUo.mp4	3397954878	2026-07-10T11:12:27Z	https://youtu.be/nTiFs8LudUo
nqLnEVcZ8vE	Brazil's Most Famous UFO Cases Confirmed Real By Defense Minister	archived		videos/brazil-s-most-famous-ufo-cases-confirmed-real-by-defense-minister-nqLnEVcZ8vE.mp4	4596443074	2026-07-10T11:12:23Z	https://youtu.be/nqLnEVcZ8vE
p0S0BfoZy0w	Life on Mars Destroyed by Nuclear War! (Ft. Dr. John Brandenburg)	archived		videos/life-on-mars-destroyed-by-nuclear-war-ft-dr-john-brandenburg-p0S0BfoZy0w.mp4	566765102	2026-07-10T11:12:27Z	https://youtu.be/p0S0BfoZy0w
q7Czo77qhHA	UFOs & Human Experiments: Big Pharma's Horrific Past... (ft. Brigham Buhler)	archived		videos/ufos-human-experiments-big-pharma-s-horrific-past-ft-brigham-buhler-q7Czo77qhHA.mp4	1390576559	2026-07-10T11:12:25Z	https://youtu.be/q7Czo77qhHA
qAou_h1POWs	The 26 Year Old Prodigy Reverse Engineering UFOs (Ft. Deep Prasad)	archived		videos/the-26-year-old-prodigy-reverse-engineering-ufos-ft-deep-prasad-qAou_h1POWs.mp4	220032817	2026-07-10T11:12:29Z	https://youtu.be/qAou_h1POWs
tOPF8uCYZr0	Did the CIA Brainwash Charles Manson?	archived		videos/did-the-cia-brainwash-charles-manson-tOPF8uCYZr0.mp4	100915873	2026-07-10T11:12:29Z	https://youtu.be/tOPF8uCYZr0
tS_64sTN5AU	UFOs & Religion: Vatican Reveals Hidden Link (Ft. Diana Pasulka)	archived		videos/ufos-religion-vatican-reveals-hidden-link-ft-diana-pasulka-tS_64sTN5AU.mp4	2116917525	2026-07-10T11:12:29Z	https://youtu.be/tS_64sTN5AU
u7g5Sn1DJF4	The Pentagon’s UFO Program Is Real [Here’s How It Works!] ft. UAPGerb	archived		videos/the-pentagons-ufo-program-is-real-heres-how-it-works-ft-uapgerb-u7g5Sn1DJF4.mp4	8878380730	2026-07-10T11:12:24Z	https://youtu.be/u7g5Sn1DJF4
wT5-hXWIkzM	Meet The Scientist BANNED By TED Talks (ft. Rupert Sheldrake)	archived		videos/meet-the-scientist-banned-by-ted-talks-ft-rupert-sheldrake-wT5-hXWIkzM.mp4	514949533	2026-07-10T11:12:29Z	https://youtu.be/wT5-hXWIkzM
wlsQIbpEKSM	Why America’s Top Scientists Are Going Missing	archived		videos/why-americas-top-scientists-are-going-missing-wlsQIbpEKSM.mp4	3232464081	2026-07-10T11:12:24Z	https://youtu.be/wlsQIbpEKSM
xnxasfyHtfo	Eric Weinstein Demands UFO Secrets From Pentagon Scientist	archived		videos/eric-weinstein-demands-ufo-secrets-from-pentagon-scientist-xnxasfyHtfo.mp4	3725747705	2026-07-10T11:12:24Z	https://youtu.be/xnxasfyHtfo
yAvD5UTziTo	Meet The DARPA Scientist Abducted By an Alien	archived		videos/meet-the-darpa-scientist-abducted-by-an-alien-yAvD5UTziTo.mp4	1481227392	2026-07-10T11:12:27Z	https://youtu.be/yAvD5UTziTo
yJUBSuPh1pM	Hollywood, The CIA & UFOs: The History Beyond Spielberg	archived		videos/hollywood-the-cia-ufos-the-history-beyond-spielberg-yJUBSuPh1pM.mp4	6964605018	2026-07-10T11:12:23Z	https://youtu.be/yJUBSuPh1pM
y_8IKKcTntQ	Meet The Startup Summoning UFOs: Skywatcher Interview	archived		videos/meet-the-startup-summoning-ufos-skywatcher-interview-y_8IKKcTntQ.mp4	3925314087	2026-07-10T11:12:26Z	https://youtu.be/y_8IKKcTntQ
zjpvfDFc4fg	NASA & UFOs: Pagan Rituals, Secret Science & Time Travel	archived		videos/nasa-ufos-pagan-rituals-secret-science-time-travel-zjpvfDFc4fg.mp4	1133593932	2026-07-10T11:12:25Z	https://youtu.be/zjpvfDFc4fg
zrmG2jBckgk	Meet the Scientist Who Scanned Beneath the Pyramids	archived		videos/meet-the-scientist-who-scanned-beneath-the-pyramids-zrmG2jBckgk.mp4	3817186094	2026-07-10T11:12:24Z	https://youtu.be/zrmG2jBckgk
