status	bytes	sha256	relative_path	title	url	page_url
existing	268584	4baaf83cb04d4299aa53e83dce1caaf994c0d11362af2f493b1f73ce7ae7ed1e	pdfs/1950-s-intelligence-chronology.pdf	1950's Intelligence Chronology	https://media.defense.gov/2024/Sep/20/2003550779/-1/-1/0/DOCID_6652457_SEALED_OK.PDF	https://www.nsa.gov/Helpful-Links/NSA-FOIA/Frequently-Requested-Information/Unidentified-Flying-Objects-UFOs/?igpage=2
existing	474371	5a4e43182e5c472188bcd7215621ef8d7a8c56f67fb9015cc52e4886ac95fd04	pdfs/2016-presidential-transition-brochure.pdf	2016 Presidential Transition brochure	https://media.defense.gov/2021/Jul/12/2002760758/-1/-1/0/PRESIDENTIAL_TRANSITION_NOV_23B.PDF	https://www.nsa.gov/Helpful-Links/NSA-FOIA/Frequently-Requested-Information/Unidentified-Flying-Objects-UFOs/?igpage=3
existing	52626	63291bac9cc8eb108cfe6edf3f7bda3e77a04a2ef3c14abd32ef6a7bc0cdfc7a	pdfs/2016-presidential-transition-brochure-press-kit-insert-4.pdf	2016 Presidential Transition brochure Press Kit Insert 4	https://media.defense.gov/2021/Jul/12/2002760756/-1/-1/0/2016_INSERT_4_DEFENDING_NATION_5.PDF	https://www.nsa.gov/Helpful-Links/NSA-FOIA/Frequently-Requested-Information/Unidentified-Flying-Objects-UFOs/?igpage=3
existing	814193	a1ac1a255dfbe8e7e650f347388986cb78317677f88be13ddc8746c2bfec344d	pdfs/2016-presidential-transition-trifold-brochure.pdf	2016 Presidential Transition trifold brochure	https://media.defense.gov/2021/Jul/12/2002760755/-1/-1/0/PRESIDENTIAL_TRANSITION_TRIFOLD_NOV_23B.PDF	https://www.nsa.gov/Helpful-Links/NSA-FOIA/Frequently-Requested-Information/Unidentified-Flying-Objects-UFOs/?igpage=4
existing	1225412	79680b963f18f796c1029b4a7d5e051c407e0961b2a11fa91b8e70c85fec7713	pdfs/2016-presidential-transition-transition-team-opening-remarks.pdf	2016 Presidential Transition: Transition Team Opening Remarks	https://media.defense.gov/2021/Jul/12/2002760746/-1/-1/0/TRANSITION-TEAM-OPENING-REMARKS.PDF	https://www.nsa.gov/Helpful-Links/NSA-FOIA/Frequently-Requested-Information/Unidentified-Flying-Objects-UFOs/?igpage=4
existing	10444523	885aa562db18763bd0f3cb3c66d23fd70ba88144227a41a699cb549a490a9dc0	pdfs/3q-fy2009-pdf.pdf	3Q_FY2009.PDF	https://media.defense.gov/2021/Jul/12/2002760632/-1/-1/0/3Q_FY2009.PDF	https://www.nsa.gov/Helpful-Links/NSA-FOIA/Frequently-Requested-Information/Unidentified-Flying-Objects-UFOs/?igpage=6
existing	9612670	b74634ad7042d6c51afc3b11d6e37f1623a51fc863aff93b99344bd625070aa5	pdfs/3q-fy2010-pdf.pdf	3Q_FY2010.PDF	https://media.defense.gov/2021/Jul/12/2002760627/-1/-1/0/3Q_FY2010.PDF	https://www.nsa.gov/Helpful-Links/NSA-FOIA/Frequently-Requested-Information/Unidentified-Flying-Objects-UFOs/?igpage=6
existing	7173672	91897fb6c7efef81f4321e85ab93c5c4230e41ec8d0cdaf725d498c6cc7b0618	pdfs/4q-fy2009-pdf.pdf	4Q_FY2009.PDF	https://media.defense.gov/2021/Jul/12/2002760637/-1/-1/0/4Q_FY2009.PDF	https://www.nsa.gov/Helpful-Links/NSA-FOIA/Frequently-Requested-Information/Unidentified-Flying-Objects-UFOs/?igpage=6
existing	581291	734120d9fb4d038561ff115bb84415feeb57ae0844f7d7f9ffe4a21ba6f3f5cd	pdfs/7-may-52-with-a-venona-c-n-release-date-03-13-2025.pdf	7 MAY 52 WITH A VENONA C-N RELEASE DATE 03-13-2025	https://media.defense.gov/2025/Apr/23/2003695934/-1/-1/0/7_MAY_52_WITH_A_VENONA_C-N_RELEASE_DATE__03-13-2025--DEBUROW.PDF	https://www.nsa.gov/Helpful-Links/NSA-FOIA/Frequently-Requested-Information/Unidentified-Flying-Objects-UFOs/
existing	12243624	c50b54cb12d1c1a7025533bb86fc8bb885ba1046a95fb582e0d3f77b13a21464	pdfs/alias-list-from-records-release-date-03-13-2025.pdf	ALIAS LIST FROM RECORDS RELEASE DATE 03-13-2025	https://media.defense.gov/2025/Apr/23/2003695936/-1/-1/0/ALIAS_LIST_FROM_RECORDS_RELEASE_DATE_03-13-2025--DEBUROW.PDF	https://www.nsa.gov/Helpful-Links/NSA-FOIA/Frequently-Requested-Information/Unidentified-Flying-Objects-UFOs/
existing	8075200	fb13d33b55c54cdcf9a53fb4da2042a16db539d141325aa28ef5fc51122a16cb	pdfs/american-cryptology-during-the-cold-war-1945-1989.pdf	American Cryptology during the Cold War 1945-1989	https://media.defense.gov/2024/Sep/20/2003550780/-1/-1/0/DOCID_6764276_SEALED_OK.PDF	https://www.nsa.gov/Helpful-Links/NSA-FOIA/Frequently-Requested-Information/Unidentified-Flying-Objects-UFOs/?igpage=2
existing	1690917	533e9ef22ef81350247076bd8a36f0a63951f3643630c36b026c031cf1ecedb7	pdfs/an-application-of-cluster-analysis-to-the-question-of-hands-and-languages-in-the-voynich-manuscript.pdf	An Application of Cluster Analysis to the Question of "Hands" and "Languages" in the Voynich Manuscript	https://media.defense.gov/2021/Jul/13/2002761422/-1/-1/0/AN-APPLICATION-OF-CLUSTER-ANALYSIS.PDF	https://www.nsa.gov/Helpful-Links/NSA-FOIA/Frequently-Requested-Information/Unidentified-Flying-Objects-UFOs/?igpage=3
existing	577999	1f8626e81efc8843e2c37322e9b7343c1b751dd87c0e54fda349a41d6c9723b6	pdfs/appreciation-for-copies-of-voynich-manuscript.pdf	Appreciation for Copies of Voynich Manuscript	https://media.defense.gov/2021/Jul/13/2002761424/-1/-1/0/APPRECIATION-FOR-COPIES-OF-VOYNICH-MANUSCRIPT.PDF	https://www.nsa.gov/Helpful-Links/NSA-FOIA/Frequently-Requested-Information/Unidentified-Flying-Objects-UFOs/?igpage=3
existing	1413323	a9286e8e21d3cbbc0c939931b6abc7404cd96d096196e33cb11577f106b5f664	pdfs/calendar-year-1996-pdf.pdf	Calendar Year 1996.PDF	https://media.defense.gov/2021/Jul/12/2002760289/-1/-1/0/CY1996_FOIA_ANNUAL_REPORT.PDF	https://www.nsa.gov/Helpful-Links/NSA-FOIA/Frequently-Requested-Information/Unidentified-Flying-Objects-UFOs/?igpage=8
existing	2046092	7c169e0caa800a637e737503112747d7cc5ea836a11286772e0e652e41c88e99	pdfs/center-for-cryptologic-history-1943-the-effort-begins.pdf	Center for Cryptologic History 1943: The Effort Begins	https://media.defense.gov/2024/Sep/20/2003550777/-1/-1/0/DOCID_6605201_SEALED_OK.PDF	https://www.nsa.gov/Helpful-Links/NSA-FOIA/Frequently-Requested-Information/Unidentified-Flying-Objects-UFOs/?igpage=2
existing	91228506	884a3b59d54b7dd832117ef33c4db2891c0f995701bf8a1a0c98d6764fb05f85	pdfs/certain-allegations-regarding-e-mail-to-agency-officials-about-nsa-programs.pdf	Certain Allegations Regarding E-mail to Agency Officials about NSA Programs	https://media.defense.gov/2021/Jul/12/2002760402/-1/-1/0/CERTAIN-ALLEGATIONS-REGARDING-E-MAIL-TO-AGENCY-OFFICIALS-ABOUT-NSA-PROGRAMS.PDF	https://www.nsa.gov/Helpful-Links/NSA-FOIA/Frequently-Requested-Information/Unidentified-Flying-Objects-UFOs/?igpage=8
existing	3594928	65a1c2833f12d49f45b50e2f9291036bc7b667fd02389dc0655bb8d31349e2ce	pdfs/cia-kryptos-sculpture-challenge-and-resolution-memo-dated-9-june-1993.pdf	CIA Kryptos Sculpture - Challenge and Resolution Memo, dated 9 June 1993	https://media.defense.gov/2021/Jul/12/2002760459/-1/-1/0/DOC_1.PDF	https://www.nsa.gov/Helpful-Links/NSA-FOIA/Frequently-Requested-Information/Unidentified-Flying-Objects-UFOs/?igpage=8
existing	2867963	f95af27e9fd0e65bdca68bd988eecb261abcdc5a5c05a2d67e36bc16b239e73f	pdfs/cia-sculpture-study-group-meeting-activity-notes-dated-18-december-1991.pdf	CIA Sculpture Study Group Meeting/Activity Notes, dated 18 December 1991	https://media.defense.gov/2021/Jul/12/2002760455/-1/-1/0/DOC_5.PDF	https://www.nsa.gov/Helpful-Links/NSA-FOIA/Frequently-Requested-Information/Unidentified-Flying-Objects-UFOs/?igpage=8
existing	5768988	c435691bf0bd5507d8d50bec4f27d48715a64103966584b7f8491ae7641e6426	pdfs/cia-sculpture-study-group-the-cia-courtyard.pdf	CIA Sculpture Study Group: The CIA Courtyard	https://media.defense.gov/2021/Jul/12/2002760453/-1/-1/0/DOC_3.PDF	https://www.nsa.gov/Helpful-Links/NSA-FOIA/Frequently-Requested-Information/Unidentified-Flying-Objects-UFOs/?igpage=8
existing	79515	f192400b45168e0a765757a4c53a08476acdf496ac4bffbe658df0f2d4a861a8	pdfs/cryptologic-almanac-50th-anniversary-series-polyglot-the-meredith-gardner-story.pdf	Cryptologic Almanac 50th Anniversary Series Polyglot: The Meredith Gardner Story	https://media.defense.gov/2024/Sep/20/2003550773/-1/-1/0/DOCID_4110872_SEALED_OK.PDF	https://www.nsa.gov/Helpful-Links/NSA-FOIA/Frequently-Requested-Information/Unidentified-Flying-Objects-UFOs/?igpage=2
existing	110896	25711ebb647369df7a856601c56b2365d8debe7c30188157c0312179b1a0ea25	pdfs/cryptologic-almanac-50th-anniversary-series-venona-an-overview.pdf	Cryptologic Almanac 50th Anniversary Series Venona: An Overview	https://media.defense.gov/2024/Sep/20/2003550772/-1/-1/0/DOCID_3575728_SEALED_OK.PDF	https://www.nsa.gov/Helpful-Links/NSA-FOIA/Frequently-Requested-Information/Unidentified-Flying-Objects-UFOs/?igpage=2
existing	1774494	cf45e78d8bf7defa61fb92e234d0bf14e8257ad2d8764018455f9830bb8bf6c2	pdfs/cy2007-annual-iob-report-pdf.pdf	CY2007_ANNUAL_IOB_REPORT.PDF	https://media.defense.gov/2021/Jul/12/2002760676/-1/-1/0/CY2007_ANNUAL_IOB_REPORT.PDF	https://www.nsa.gov/Helpful-Links/NSA-FOIA/Frequently-Requested-Information/Unidentified-Flying-Objects-UFOs/?igpage=4
existing	4954249	54acbbf3aa3f9e3bc2fbdc0311b4250f26b87e79b07d037f276494047854a24d	pdfs/cy2008-annual-iob-report-pdf.pdf	CY2008_ANNUAL_IOB_REPORT.PDF	https://media.defense.gov/2021/Jul/12/2002760673/-1/-1/0/CY2008_ANNUAL_IOB_REPORT.PDF	https://www.nsa.gov/Helpful-Links/NSA-FOIA/Frequently-Requested-Information/Unidentified-Flying-Objects-UFOs/?igpage=4
existing	2154324	009fe067865bd658e0cdc6aedf17eedd908a21119e6b647fc705ef6af5f50237	pdfs/cy2009-annual-iob-report-pdf.pdf	CY2009_ANNUAL_IOB_REPORT.PDF	https://media.defense.gov/2021/Jul/12/2002760674/-1/-1/0/CY2009_ANNUAL_IOB_REPORT.PDF	https://www.nsa.gov/Helpful-Links/NSA-FOIA/Frequently-Requested-Information/Unidentified-Flying-Objects-UFOs/?igpage=4
existing	2712960	d4b25cc5c3ae7b368949cb37080e9ba7b9b8e91cbd589dffcdfba56c785528e4	pdfs/cy2010-annual-iob-report-pdf.pdf	CY2010_ANNUAL_IOB_REPORT.PDF	https://media.defense.gov/2021/Jul/12/2002760668/-1/-1/0/CY2010_ANNUAL_IOB_REPORT.PDF	https://www.nsa.gov/Helpful-Links/NSA-FOIA/Frequently-Requested-Information/Unidentified-Flying-Objects-UFOs/?igpage=4
existing	877079	773b72ee764b612a1274838d805601dcc20e97dbf0479036d0d55588403e0adf	pdfs/development-of-new-people-liberal-release-date-03-13-2025.pdf	DEVELOPMENT OF NEW PEOPLE LIBERAL RELEASE DATE 03-13-2025	https://media.defense.gov/2025/Apr/23/2003695938/-1/-1/0/DEVELOPMENT_OF_NEW_PEOPLE_LIBERAL_RELEASE_DATE_03-13-2025--DEBUROW.PDF	https://www.nsa.gov/Helpful-Links/NSA-FOIA/Frequently-Requested-Information/Unidentified-Flying-Objects-UFOs/
existing	1570733	a2afbb1dc045204a9fe079ff05e6d1480754b00ea807e4b70881646155cc5d3a	pdfs/director-s-farewell-memorandum-dated-8-april-1992.pdf	Director's Farewell Memorandum, dated 8 April 1992	https://media.defense.gov/2021/Jul/12/2002760554/-1/-1/0/DIRECTOR_FAREWELL.PDF	https://www.nsa.gov/Helpful-Links/NSA-FOIA/Frequently-Requested-Information/Unidentified-Flying-Objects-UFOs/?igpage=7
existing	2526237	1da82e4b8f678b728a86f2621dae1d76cc20ff53e8ce86bca660f0c57f4e658f	pdfs/director-s-messages.pdf	DIRECTOR'S MESSAGES	https://media.defense.gov/2025/Feb/03/2003636829/-1/-1/0/DIRECTOR'S%20MESSAGES.PDF	https://www.nsa.gov/Helpful-Links/NSA-FOIA/Frequently-Requested-Information/Unidentified-Flying-Objects-UFOs/
existing	430106	1ca6452f9d943c095a2c7c68caae3a8df886b6f840155d605027b9c9fd957cc1	pdfs/dirgram-list.pdf	DIRGRAM LIST	https://media.defense.gov/2025/Feb/03/2003636834/-1/-1/0/DIRGRAM%20LIST.PDF	https://www.nsa.gov/Helpful-Links/NSA-FOIA/Frequently-Requested-Information/Unidentified-Flying-Objects-UFOs/
existing	168394	84b65b6aa114344fd9d5bcdd8d5b5b21c2a4273edf0cc170bf636398601981bf	pdfs/dirgram-172-formation-of-the-ep3-cryptologic-assessment-team.pdf	DIRGRAM-172 FORMATION OF THE EP3 CRYPTOLOGIC ASSESSMENT TEAM	https://media.defense.gov/2025/Feb/03/2003636835/-1/-1/0/DIRGRAM-172%20FORMATION%20OF%20THE%20EP3%20CRYPTOLOGIC%20ASSESSMENT%20TEAM.PDF	https://www.nsa.gov/Helpful-Links/NSA-FOIA/Frequently-Requested-Information/Unidentified-Flying-Objects-UFOs/
existing	190633	eb2ba483e994709fb5984aead246534b1bc8063cdc79bdddf567176de70f9082	pdfs/dirgram-234-itis-to-inventory-all-it-assests.pdf	DIRGRAM-234 ITIS TO INVENTORY ALL IT ASSESTS	https://media.defense.gov/2025/Feb/03/2003636836/-1/-1/0/DIRGRAM-234%20%20ITIS%20TO%20INVENTORY%20ALL%20IT%20ASSESTS.PDF	https://www.nsa.gov/Helpful-Links/NSA-FOIA/Frequently-Requested-Information/Unidentified-Flying-Objects-UFOs/
existing	175881	b017351b8fafcd0d4256ab6f763b56bbde5981e5c2992d567a72bc419c517f79	pdfs/dirgram-275-chief-information-officer.pdf	DIRGRAM-275 CHIEF INFORMATION OFFICER	https://media.defense.gov/2025/Feb/03/2003636837/-1/-1/0/DIRGRAM-275%20CHIEF%20INFORMATION%20OFFICER.PDF	https://www.nsa.gov/Helpful-Links/NSA-FOIA/Frequently-Requested-Information/Unidentified-Flying-Objects-UFOs/
existing	214989	e6e1bd4614409cc7986bd3d9384bc0ac64c454cf104b9835f7796ee6f3e9a078	pdfs/dirgram-283-security-and-counterintelligence.pdf	DIRGRAM-283 SECURITY AND COUNTERINTELLIGENCE	https://media.defense.gov/2025/Feb/03/2003636783/-1/-1/0/DIRGRAM-283%20SECURITY%20AND%20COUNTERINTELLIGENCE.PDF	https://www.nsa.gov/Helpful-Links/NSA-FOIA/Frequently-Requested-Information/Unidentified-Flying-Objects-UFOs/?igpage=2
existing	163021	1e67adda792ff83f2b3119b9ff76d460d17fe3366e8aac7be2f7f59fc9e0d9b8	pdfs/dirgram-305-a-new-look-for-nsa-gov.pdf	DIRGRAM-305 A NEW LOOK FOR NSA.GOV	https://media.defense.gov/2025/Feb/03/2003636787/-1/-1/0/DIRGRAM-305%20A%20NEW%20LOOK%20FOR%20NSA.GOV.PDF	https://www.nsa.gov/Helpful-Links/NSA-FOIA/Frequently-Requested-Information/Unidentified-Flying-Objects-UFOs/?igpage=2
existing	193689	fadb0381a463914c0f2298dc3cdc6eb4b9589953a49b4fe64cb5329803b2e1dd	pdfs/dirgram-307-new-joint-nsa-cia-collaboration-award.pdf	DIRGRAM-307 NEW JOINT NSA-CIA COLLABORATION AWARD	https://media.defense.gov/2025/Feb/03/2003636790/-1/-1/0/DIRGRAM-307%20NEW%20JOINT%20NSA-CIA%20COLLABORATION%20AWARD.PDF	https://www.nsa.gov/Helpful-Links/NSA-FOIA/Frequently-Requested-Information/Unidentified-Flying-Objects-UFOs/?igpage=2
existing	704358	061e3172971db5678026c9c463a1573eea6668d1dc608594ef3c06eff836ab29	pdfs/dirgram-325-the-future-of-u-s-intelligence.pdf	DIRGRAM-325 THE FUTURE OF U.S. INTELLIGENCE	https://media.defense.gov/2025/Feb/03/2003636856/-1/-1/0/DIRGRAM-325%20THE%20FUTURE%20OF%20US%20INTELLIGENCE.PDF	https://www.nsa.gov/Helpful-Links/NSA-FOIA/Frequently-Requested-Information/Unidentified-Flying-Objects-UFOs/
existing	199043	e95e52f8d5c3ee7edeb87593af1d75668343838c9dbb1f1c541afecae1de5ac2	pdfs/dirgram-329-where-s-nsa-in-ic-reform.pdf	DIRGRAM-329 WHERE'S NSA IN IC REFORM	https://media.defense.gov/2025/Feb/03/2003636794/-1/-1/0/DIRGRAM-329%20WHERE'S%20NSA%20IN%20IC%20REFORM.PDF	https://www.nsa.gov/Helpful-Links/NSA-FOIA/Frequently-Requested-Information/Unidentified-Flying-Objects-UFOs/?igpage=2
existing	192841	90fd1da85ec322add42583f3c08e3667f7d99de7f9ccd47a53e287e17e6cb626	pdfs/dirgram-381-nsa-nga-collaboration.pdf	DIRGRAM-381 NSA-NGA COLLABORATION	https://media.defense.gov/2025/Feb/03/2003636796/-1/-1/0/DIRGRAM-381%20NSA-NGA%20COLLABORATION.PDF	https://www.nsa.gov/Helpful-Links/NSA-FOIA/Frequently-Requested-Information/Unidentified-Flying-Objects-UFOs/?igpage=2
existing	337714	1c4ed12eb589855462910a691380878eb498b68427062053442c2747c6ae73e5	pdfs/dirgram-382-congress-passes-intelligence-reform-the-end-of-the-beginning.pdf	DIRGRAM-382 CONGRESS PASSES INTELLIGENCE REFORM. THE END OF THE BEGINNING	https://media.defense.gov/2025/Feb/03/2003636799/-1/-1/0/DIRGRAM-382%20CONGRESS%20PASSES%20INTELLIGENCE%20REFORM.%20THE%20END%20OF%20THE%20BEGINNING.PDF	https://www.nsa.gov/Helpful-Links/NSA-FOIA/Frequently-Requested-Information/Unidentified-Flying-Objects-UFOs/?igpage=2
existing	157080	1e1f8c10b47595c828d38b928d6e30bdd72f35f3a35ba90e500f380f148f2798	pdfs/dirgram-386-project-x.pdf	DIRGRAM-386 PROJECT X	https://media.defense.gov/2025/Feb/03/2003636802/-1/-1/0/DIRGRAM-386%20PROJECT%20X.PDF	https://www.nsa.gov/Helpful-Links/NSA-FOIA/Frequently-Requested-Information/Unidentified-Flying-Objects-UFOs/?igpage=2
existing	215414	a0596ba7cda30e05a644590fbd6bec51996c5f32d635acaa04cb5c0678b4a796	pdfs/dirgram-387-interations-with-contractors.pdf	DIRGRAM-387 INTERATIONS WITH CONTRACTORS	https://media.defense.gov/2025/Feb/03/2003636808/-1/-1/0/DIRGRAM-387%20INTERATIONS%20WITH%20CONTRACTORS.PDF	https://www.nsa.gov/Helpful-Links/NSA-FOIA/Frequently-Requested-Information/Unidentified-Flying-Objects-UFOs/?igpage=2
existing	193579	28a480a5dae17c7ef1017192a8c0fc82dab78f5fdac006de5e23e7d86d63f4e5	pdfs/dirgram-393-nsa-css-corporate-strategies-office.pdf	DIRGRAM-393 NSA-CSS CORPORATE STRATEGIES OFFICE	https://media.defense.gov/2025/Feb/03/2003636817/-1/-1/0/DIRGRAM-393%20NSA-CSS%20CORPORATE%20STRATEGIES%20OFFICE.PDF	https://www.nsa.gov/Helpful-Links/NSA-FOIA/Frequently-Requested-Information/Unidentified-Flying-Objects-UFOs/?igpage=2
existing	182369	65d0c6dd18fe2b24fd55612d5701c763cc8c4a2ee9cfe08666587aa3fcaeb722	pdfs/dirgram-394-correction-establishment-of-electromagnetis-space.pdf	DIRGRAM-394 CORRECTION - ESTABLISHMENT OF ELECTROMAGNETIS-SPACE	https://media.defense.gov/2025/Feb/03/2003636821/-1/-1/0/DIRGRAM-394%20CORRECTION%20-%20ESTABLISHMENT%20OF%20ELECTROMAGNETIS-SPACE.PDF	https://www.nsa.gov/Helpful-Links/NSA-FOIA/Frequently-Requested-Information/Unidentified-Flying-Objects-UFOs/
existing	3641356	3c4a9db6409ba031cbff7c51a794a50614ebab490a6f80c7fe07b92d181315b2	pdfs/dirsmsg-gen-michael-v-hayden-and-mr-william-black-2005.pdf	DIRSMSG GEN MICHAEL V. HAYDEN AND MR. WILLIAM BLACK-2005	https://media.defense.gov/2025/Feb/03/2003636824/-1/-1/0/DIRSMSG%20%20GEN%20MICHAEL%20V.%20HAYDEN%20AND%20MR.%20WILLIAM%20BLACK-2005.PDF	https://www.nsa.gov/Helpful-Links/NSA-FOIA/Frequently-Requested-Information/Unidentified-Flying-Objects-UFOs/
existing	767961	90a5c15eec9b51c655acc31b9e3a4394ed1edfc7e3a3deaf4c147a9b9bdff251	pdfs/draft-message-to-interagency-on-mltf-lead.pdf	Draft Message to Interagency on MLTF Lead	https://media.defense.gov/2021/Jul/12/2002760595/-1/-1/0/2013JUN24_DRAFT_MESSAGE.PDF	https://www.nsa.gov/Helpful-Links/NSA-FOIA/Frequently-Requested-Information/Unidentified-Flying-Objects-UFOs/?igpage=7
existing	1352715	c504eae12aa6d3cb3c66b61d18574b42a07a05a835c58f0f2db4141ecffa7b4a	pdfs/fiscal-year-1997.pdf	Fiscal Year 1997	https://media.defense.gov/2021/Jul/12/2002760291/-1/-1/0/FY1997_FOIA_ANNUAL_REPORT.PDF	https://www.nsa.gov/Helpful-Links/NSA-FOIA/Frequently-Requested-Information/Unidentified-Flying-Objects-UFOs/?igpage=8
existing	1134681	6ff86b81baed4b17ccc586c441f9853a1134025c02b367ea8b0a363c38c59305	pdfs/fiscal-year-1998.pdf	Fiscal Year 1998	https://media.defense.gov/2021/Jul/12/2002760293/-1/-1/0/FY1998_FOIA_ANNUAL_REPORT.PDF	https://www.nsa.gov/Helpful-Links/NSA-FOIA/Frequently-Requested-Information/Unidentified-Flying-Objects-UFOs/?igpage=8
existing	1024413	b7647ec8a05a400537fa42cb9188c82f75d70ac184db3d43d48f2cef932e23d1	pdfs/fiscal-year-1999.pdf	Fiscal Year 1999	https://media.defense.gov/2021/Jul/12/2002760295/-1/-1/0/FY1999_FOIA_ANNUAL_REPORT.PDF	https://www.nsa.gov/Helpful-Links/NSA-FOIA/Frequently-Requested-Information/Unidentified-Flying-Objects-UFOs/?igpage=8
existing	1122449	7055df3fd38e95ee5bfef3970a564d77a9eeca835235097f7a5dfb577bf097da	pdfs/fiscal-year-2000.pdf	Fiscal Year 2000	https://media.defense.gov/2021/Jul/12/2002760301/-1/-1/0/FY2000_FOIA_ANNUAL_REPORT.PDF	https://www.nsa.gov/Helpful-Links/NSA-FOIA/Frequently-Requested-Information/Unidentified-Flying-Objects-UFOs/?igpage=8
existing	1047660	a034d62cdd2e93eefa2c7d2a97ea49bedd1cc530510ada15104dd28a1b9f9c2c	pdfs/fiscal-year-2001.pdf	Fiscal Year 2001	https://media.defense.gov/2021/Jul/12/2002760303/-1/-1/0/FY2001_FOIA_ANNUAL_REPORT.PDF	https://www.nsa.gov/Helpful-Links/NSA-FOIA/Frequently-Requested-Information/Unidentified-Flying-Objects-UFOs/?igpage=8
existing	903999	4cceeb5bfb52fa087044bf9188e82c76defc8328a228ee52cb6e2d6d7cf68eef	pdfs/fiscal-year-2002.pdf	Fiscal Year 2002	https://media.defense.gov/2021/Jul/12/2002760304/-1/-1/0/FY2002_FOIA_ANNUAL_REPORT.PDF	https://www.nsa.gov/Helpful-Links/NSA-FOIA/Frequently-Requested-Information/Unidentified-Flying-Objects-UFOs/?igpage=8
existing	1262970	6257922e29126cb91ca11a30ffa0db280936922545f0830f467969b21ac93282	pdfs/fiscal-year-2003.pdf	Fiscal Year 2003	https://media.defense.gov/2021/Jul/12/2002760312/-1/-1/0/FY2003_FOIA_ANNUAL_REPORT.PDF	https://www.nsa.gov/Helpful-Links/NSA-FOIA/Frequently-Requested-Information/Unidentified-Flying-Objects-UFOs/?igpage=8
existing	852616	249966d49e35f43f2d49deb4bc8095122b1d1fa6e6641afa1a44fef3a9304d4f	pdfs/fiscal-year-2004.pdf	Fiscal Year 2004	https://media.defense.gov/2021/Jul/12/2002760313/-1/-1/0/FY2004_FOIA_ANNUAL_REPORT.PDF	https://www.nsa.gov/Helpful-Links/NSA-FOIA/Frequently-Requested-Information/Unidentified-Flying-Objects-UFOs/?igpage=8
existing	938661	075b1eeb68b2eb245b9117a01e17324eb2f9eab85a77ddc5ef105d09566505fb	pdfs/fiscal-year-2005.pdf	Fiscal Year 2005	https://media.defense.gov/2021/Jul/12/2002760299/-1/-1/0/FY2005_FOIA_ANNUAL_REPORT.PDF	https://www.nsa.gov/Helpful-Links/NSA-FOIA/Frequently-Requested-Information/Unidentified-Flying-Objects-UFOs/?igpage=8
existing	1666244	9e29f81c695b30e39144f330a2f93aa8303e5a8fde18b5ca9110645df3bbef16	pdfs/fiscal-year-2006.pdf	Fiscal Year 2006	https://media.defense.gov/2021/Jul/12/2002760306/-1/-1/0/FY2006_FOIA_ANNUAL_REPORT.PDF	https://www.nsa.gov/Helpful-Links/NSA-FOIA/Frequently-Requested-Information/Unidentified-Flying-Objects-UFOs/?igpage=8
existing	2482590	91658a3ca0f1ad6411a587a4249ae9fc5f3f765d1f2f89f390d77ba26d88ae82	pdfs/fiscal-year-2007.pdf	Fiscal Year 2007	https://media.defense.gov/2021/Jul/12/2002760314/-1/-1/0/FY2007_FOIA_ANNUAL_REPORT.PDF	https://www.nsa.gov/Helpful-Links/NSA-FOIA/Frequently-Requested-Information/Unidentified-Flying-Objects-UFOs/?igpage=8
existing	1208560	04bf2aaf263061179c632ce6d8c4650cf863d4f086f783ccc9fc88e274ce8863	pdfs/fy2001-4q-iob-report-pdf.pdf	FY2001_4Q_IOB_REPORT.PDF	https://media.defense.gov/2021/Jul/12/2002760671/-1/-1/0/FY2001_4Q_IOB_REPORT.PDF	https://www.nsa.gov/Helpful-Links/NSA-FOIA/Frequently-Requested-Information/Unidentified-Flying-Objects-UFOs/?igpage=4
existing	1920284	32a97dc70f5b8a919de5331662e2fcaccc2d7f7833e240c1fa067c903c029b7b	pdfs/fy2002-1q-iob-report-pdf.pdf	FY2002_1Q_IOB_REPORT.PDF	https://media.defense.gov/2021/Jul/12/2002760663/-1/-1/0/FY2002_1Q_IOB_REPORT.PDF	https://www.nsa.gov/Helpful-Links/NSA-FOIA/Frequently-Requested-Information/Unidentified-Flying-Objects-UFOs/?igpage=5
existing	2310715	2a7a2548adee818bf7439fc4c9973da6d17a5b63cbf1ab2eb85da8eba4f1e2ff	pdfs/fy2002-2q-iob-report-pdf.pdf	FY2002_2Q_IOB_REPORT.PDF	https://media.defense.gov/2021/Jul/12/2002760665/-1/-1/0/FY2002_2Q_IOB_REPORT.PDF	https://www.nsa.gov/Helpful-Links/NSA-FOIA/Frequently-Requested-Information/Unidentified-Flying-Objects-UFOs/?igpage=4
existing	1347989	927b48b831f75384e86a0442daba9b038d9c051055117838f07211ddca579d5a	pdfs/fy2002-3q-iob-report-pdf.pdf	FY2002_3Q_IOB_REPORT.PDF	https://media.defense.gov/2021/Jul/12/2002760667/-1/-1/0/FY2002_3Q_IOB_REPORT.PDF	https://www.nsa.gov/Helpful-Links/NSA-FOIA/Frequently-Requested-Information/Unidentified-Flying-Objects-UFOs/?igpage=4
existing	1651230	69d593fb210f0afafa39faa04f4ee6028639b3675fb1c76ca0cf8affdcc5366d	pdfs/fy2003-1q-iob-report-pdf.pdf	FY2003_1Q_IOB_REPORT.PDF	https://media.defense.gov/2021/Jul/12/2002760658/-1/-1/0/FY2003_1Q_IOB_REPORT.PDF	https://www.nsa.gov/Helpful-Links/NSA-FOIA/Frequently-Requested-Information/Unidentified-Flying-Objects-UFOs/?igpage=5
existing	3107388	2671ba4039b660279771910648a3dd7af8285a94ebb71c26776aaa9247ec6b64	pdfs/fy2003-2q-iob-report-pdf.pdf	FY2003_2Q_IOB_REPORT.PDF	https://media.defense.gov/2021/Jul/12/2002760659/-1/-1/0/FY2003_2Q_IOB_REPORT.PDF	https://www.nsa.gov/Helpful-Links/NSA-FOIA/Frequently-Requested-Information/Unidentified-Flying-Objects-UFOs/?igpage=5
existing	2230015	ddca4a81e38f69a7b9cf9306e6e3fb85d099558acfe24f3a827fbac98c03b4e5	pdfs/fy2003-3q-iob-report-pdf.pdf	FY2003_3Q_IOB_REPORT.PDF	https://media.defense.gov/2021/Jul/12/2002760660/-1/-1/0/FY2003_3Q_IOB_REPORT.PDF	https://www.nsa.gov/Helpful-Links/NSA-FOIA/Frequently-Requested-Information/Unidentified-Flying-Objects-UFOs/?igpage=5
existing	1724621	b6f8b2b0dda5fb4a8b0ed78e89b976beb08b4790a05c02c3f08bd78b1b913cb7	pdfs/fy2003-4q-iob-report-pdf-2.pdf	FY2003_4Q_IOB_REPORT.PDF	https://media.defense.gov/2021/Jul/12/2002760661/-1/-1/0/FY2003_4Q_IOB_REPORT%20(1).PDF	https://www.nsa.gov/Helpful-Links/NSA-FOIA/Frequently-Requested-Information/Unidentified-Flying-Objects-UFOs/?igpage=5
existing	1724621	b6f8b2b0dda5fb4a8b0ed78e89b976beb08b4790a05c02c3f08bd78b1b913cb7	pdfs/fy2003-4q-iob-report-pdf.pdf	FY2003_4Q_IOB_REPORT.PDF	https://media.defense.gov/2021/Jul/12/2002760672/-1/-1/0/FY2003_4Q_IOB_REPORT.PDF	https://www.nsa.gov/Helpful-Links/NSA-FOIA/Frequently-Requested-Information/Unidentified-Flying-Objects-UFOs/?igpage=4
existing	1724957	d18b9b6e7d1b08b2398fed51fd432eca0b3e7fcfe59f169601388b4db37f4289	pdfs/fy2004-1q-iob-report-pdf.pdf	FY2004_1Q_IOB_REPORT.PDF	https://media.defense.gov/2021/Jul/12/2002760651/-1/-1/0/FY2004_1Q_IOB_REPORT.PDF	https://www.nsa.gov/Helpful-Links/NSA-FOIA/Frequently-Requested-Information/Unidentified-Flying-Objects-UFOs/?igpage=5
existing	2312642	2d6b335c0d1b389ba1ba602eec1a29081679f495b92663cd9bc19ee582acc785	pdfs/fy2004-3q-iob-report-pdf.pdf	FY2004_3Q_IOB_REPORT.PDF	https://media.defense.gov/2021/Jul/12/2002760655/-1/-1/0/FY2004_3Q_IOB_REPORT.PDF	https://www.nsa.gov/Helpful-Links/NSA-FOIA/Frequently-Requested-Information/Unidentified-Flying-Objects-UFOs/?igpage=5
existing	1501991	0ee453366200162597aa3f299879c90027f5ffb8075896a6001707ddd80b8bb0	pdfs/fy2004-4q-iob-report-pdf.pdf	FY2004_4Q_IOB_REPORT.PDF	https://media.defense.gov/2021/Jul/12/2002760656/-1/-1/0/FY2004_4Q_IOB_REPORT.PDF	https://www.nsa.gov/Helpful-Links/NSA-FOIA/Frequently-Requested-Information/Unidentified-Flying-Objects-UFOs/?igpage=5
existing	1455369	c43b99b60a8c8652cf72c2d98028756aa9d8b5fbf5a81dd4ae26b6ffd5ac9ca8	pdfs/fy2005-1q-iob-report-pdf.pdf	FY2005_1Q_IOB_REPORT.PDF	https://media.defense.gov/2021/Jul/12/2002760648/-1/-1/0/FY2005_1Q_IOB_REPORT.PDF	https://www.nsa.gov/Helpful-Links/NSA-FOIA/Frequently-Requested-Information/Unidentified-Flying-Objects-UFOs/?igpage=5
existing	1767132	9acec98aa4d6d97c32f3d629e532eb796f2fc71fbbf3f0b630e06fa76d1bc825	pdfs/fy2005-2q-iob-report-pdf.pdf	FY2005_2Q_IOB_REPORT.PDF	https://media.defense.gov/2021/Jul/12/2002760652/-1/-1/0/FY2005_2Q_IOB_REPORT.PDF	https://www.nsa.gov/Helpful-Links/NSA-FOIA/Frequently-Requested-Information/Unidentified-Flying-Objects-UFOs/?igpage=5
existing	2077296	9f1880eae51148719d671bb4a673a7180ff931502cf44065ef90995d794689e4	pdfs/fy2005-3q-iob-report-pdf.pdf	FY2005_3Q_IOB_REPORT.PDF	https://media.defense.gov/2021/Jul/12/2002760653/-1/-1/0/FY2005_3Q_IOB_REPORT.PDF	https://www.nsa.gov/Helpful-Links/NSA-FOIA/Frequently-Requested-Information/Unidentified-Flying-Objects-UFOs/?igpage=5
existing	1688249	525b8a6f621af7e8a5f9629fd7a268cf44ad6991417622586e34188171700517	pdfs/fy2005-4q-iob-report-pdf.pdf	FY2005_4Q_IOB_REPORT.PDF	https://media.defense.gov/2021/Jul/12/2002760654/-1/-1/0/FY2005_4Q_IOB_REPORT.PDF	https://www.nsa.gov/Helpful-Links/NSA-FOIA/Frequently-Requested-Information/Unidentified-Flying-Objects-UFOs/?igpage=5
existing	2120222	7c2ffe4a39d461e5f7509306b1d851b98e5f059ec5ba0cbd22f07f6b5dda0e52	pdfs/fy2006-1q-iob-report-pdf.pdf	FY2006_1Q_IOB_REPORT.PDF	https://media.defense.gov/2021/Jul/12/2002760644/-1/-1/0/FY2006_1Q_IOB_REPORT.PDF	https://www.nsa.gov/Helpful-Links/NSA-FOIA/Frequently-Requested-Information/Unidentified-Flying-Objects-UFOs/?igpage=5
existing	1513943	5d0692a4cd1d613ce61b3a57b9fc1fc7c37ea3330803ff31fe448f90011af5f6	pdfs/fy2006-2q-iob-report-pdf.pdf	FY2006_2Q_IOB_REPORT.PDF	https://media.defense.gov/2021/Jul/12/2002760649/-1/-1/0/FY2006_2Q_IOB_REPORT.PDF	https://www.nsa.gov/Helpful-Links/NSA-FOIA/Frequently-Requested-Information/Unidentified-Flying-Objects-UFOs/?igpage=5
existing	1110286	af2433a1400e512bbbb2eed69c6566f33b6249686552da4705ee56ced2b50fa3	pdfs/fy2006-3q-iob-report-pdf.pdf	FY2006_3Q_IOB_REPORT.PDF	https://media.defense.gov/2021/Jul/12/2002760650/-1/-1/0/FY2006_3Q_IOB_REPORT.PDF	https://www.nsa.gov/Helpful-Links/NSA-FOIA/Frequently-Requested-Information/Unidentified-Flying-Objects-UFOs/?igpage=5
existing	1215583	4aaf6432d454046b1ff4e83872b85a776650d890c425592ccd1bd3ae1ef6ceb5	pdfs/fy2007-1q-iob-report-pdf.pdf	FY2007_1Q_IOB_REPORT.PDF	https://media.defense.gov/2021/Jul/12/2002760638/-1/-1/0/FY2007_1Q_IOB_REPORT.PDF	https://www.nsa.gov/Helpful-Links/NSA-FOIA/Frequently-Requested-Information/Unidentified-Flying-Objects-UFOs/?igpage=6
existing	1100999	9d15d90098fb0c15171fceccdee2bb26bc84ce29dc1cc5f3fd7d4b0c5fe1e970	pdfs/fy2007-2q-iob-report-pdf.pdf	FY2007_2Q_IOB_REPORT.PDF	https://media.defense.gov/2021/Jul/12/2002760645/-1/-1/0/FY2007_2Q_IOB_REPORT.PDF	https://www.nsa.gov/Helpful-Links/NSA-FOIA/Frequently-Requested-Information/Unidentified-Flying-Objects-UFOs/?igpage=5
existing	818070	24234232e8b6b5518403a380619c2b9b4afeff86f826947977d3a5f3a4fc3a4b	pdfs/fy2007-3q-iob-report-pdf.pdf	FY2007_3Q_IOB_REPORT.PDF	https://media.defense.gov/2021/Jul/12/2002760646/-1/-1/0/FY2007_3Q_IOB_REPORT.PDF	https://www.nsa.gov/Helpful-Links/NSA-FOIA/Frequently-Requested-Information/Unidentified-Flying-Objects-UFOs/?igpage=5
existing	1321822	4740b076c04b7d52d74e651bea66fd7cb614bda46f097b152a3c3f7d11023434	pdfs/fy2007-4q-iob-report-pdf.pdf	FY2007_4Q_IOB_REPORT.PDF	https://media.defense.gov/2021/Jul/12/2002760647/-1/-1/0/FY2007_4Q_IOB_REPORT.PDF	https://www.nsa.gov/Helpful-Links/NSA-FOIA/Frequently-Requested-Information/Unidentified-Flying-Objects-UFOs/?igpage=5
existing	1527277	dfbd03396d81a83064df1d4a640658a10287456c38994b0dcebe100dcc2b0308	pdfs/fy2008-1q-iob-report-pdf.pdf	FY2008_1Q_IOB_REPORT.PDF	https://media.defense.gov/2021/Jul/12/2002760639/-1/-1/0/FY2008_1Q_IOB_REPORT.PDF	https://www.nsa.gov/Helpful-Links/NSA-FOIA/Frequently-Requested-Information/Unidentified-Flying-Objects-UFOs/?igpage=6
existing	1466381	1855355703cf67c6da7fccd6c46566f764295c4783908538165afa9bf95351b1	pdfs/fy2008-2q-iob-report-pdf.pdf	FY2008_2Q_IOB_REPORT.PDF	https://media.defense.gov/2021/Jul/12/2002760640/-1/-1/0/FY2008_2Q_IOB_REPORT.PDF	https://www.nsa.gov/Helpful-Links/NSA-FOIA/Frequently-Requested-Information/Unidentified-Flying-Objects-UFOs/?igpage=6
existing	1424646	323994cd68aac559c0adce820df39ab34f704eac932c061551588e6b1c640ca8	pdfs/fy2008-3q-iob-report-pdf.pdf	FY2008_3Q_IOB_REPORT.PDF	https://media.defense.gov/2021/Jul/12/2002760641/-1/-1/0/FY2008_3Q_IOB_REPORT.PDF	https://www.nsa.gov/Helpful-Links/NSA-FOIA/Frequently-Requested-Information/Unidentified-Flying-Objects-UFOs/?igpage=6
existing	2379459	e34b854ff674e52d5e8b72f725e80992e71c3b3a81dd3a7cc41a1cd572c7af9f	pdfs/fy2008-4q-iob-report-pdf.pdf	FY2008_4Q_IOB_REPORT.PDF	https://media.defense.gov/2021/Jul/12/2002760642/-1/-1/0/FY2008_4Q_IOB_REPORT.PDF	https://www.nsa.gov/Helpful-Links/NSA-FOIA/Frequently-Requested-Information/Unidentified-Flying-Objects-UFOs/?igpage=5
existing	2443026	9e3e78bd620f4f27ff6d2f7922e59648c902787c01a8dddbfbbcbab7cfd1296d	pdfs/fy2009-1q-iob-report-pdf.pdf	FY2009_1Q_IOB_REPORT.PDF	https://media.defense.gov/2021/Jul/12/2002760633/-1/-1/0/FY2009_1Q_IOB_REPORT.PDF	https://www.nsa.gov/Helpful-Links/NSA-FOIA/Frequently-Requested-Information/Unidentified-Flying-Objects-UFOs/?igpage=6
existing	3965625	41a6ba9ba01a9bb0efd104d94f7695495d0639f4932a5faa503451276663a120	pdfs/fy2009-2q-iob-report-pdf.pdf	FY2009_2Q_IOB_REPORT.PDF	https://media.defense.gov/2021/Jul/12/2002760634/-1/-1/0/FY2009_2Q_IOB_REPORT.PDF	https://www.nsa.gov/Helpful-Links/NSA-FOIA/Frequently-Requested-Information/Unidentified-Flying-Objects-UFOs/?igpage=6
existing	2912898	1199175ee83fe8b085c224b0c82654bb569eea0ef0b11b997ef27247cde371ff	pdfs/fy2010-1q-iob-report-pdf.pdf	FY2010_1Q_IOB_REPORT.PDF	https://media.defense.gov/2021/Jul/12/2002760630/-1/-1/0/FY2010_1Q_IOB_REPORT.PDF	https://www.nsa.gov/Helpful-Links/NSA-FOIA/Frequently-Requested-Information/Unidentified-Flying-Objects-UFOs/?igpage=6
existing	3582606	e5cb00823773875bd1b2dfb102624a7c945f9481df0632cfaf4d1598479b5ca0	pdfs/fy2010-2q-iob-report-pdf.pdf	FY2010_2Q_IOB_REPORT.PDF	https://media.defense.gov/2021/Jul/12/2002760631/-1/-1/0/FY2010_2Q_IOB_REPORT.PDF	https://www.nsa.gov/Helpful-Links/NSA-FOIA/Frequently-Requested-Information/Unidentified-Flying-Objects-UFOs/?igpage=6
existing	2454750	af9faaccaa70b1c0a7d308b09fdde8204eb987374804233392090245584ca140	pdfs/fy2010-4q-iob-report-pdf.pdf	FY2010_4Q_IOB_REPORT.PDF	https://media.defense.gov/2021/Jul/12/2002760635/-1/-1/0/FY2010_4Q_IOB_REPORT.PDF	https://www.nsa.gov/Helpful-Links/NSA-FOIA/Frequently-Requested-Information/Unidentified-Flying-Objects-UFOs/?igpage=6
existing	3323972	12f130edb2bebc2bfd04765e4da4079e5296cec666b0f10c8ba1203231156bd8	pdfs/fy2011-1q-iob-report-pdf.pdf	FY2011_1Q_IOB_REPORT.PDF	https://media.defense.gov/2021/Jul/12/2002760625/-1/-1/0/FY2011_1Q_IOB_REPORT.PDF	https://www.nsa.gov/Helpful-Links/NSA-FOIA/Frequently-Requested-Information/Unidentified-Flying-Objects-UFOs/?igpage=6
existing	2864503	3f82e0cd7a5e7c9a58ddac99a422324686a7398d161a58a18b40b1fdd0240005	pdfs/fy2011-2q-iob-report-pdf.pdf	FY2011_2Q_IOB_REPORT.PDF	https://media.defense.gov/2021/Jul/12/2002760628/-1/-1/0/FY2011_2Q_IOB_REPORT.PDF	https://www.nsa.gov/Helpful-Links/NSA-FOIA/Frequently-Requested-Information/Unidentified-Flying-Objects-UFOs/?igpage=6
existing	3980737	4542cfa9296608a16279c6185071d86d0093b534569c09acdef6d117476218c0	pdfs/fy2011-3q-iob-report-pdf.pdf	FY2011_3Q_IOB_REPORT.PDF	https://media.defense.gov/2021/Jul/12/2002760626/-1/-1/0/FY2011_3Q_IOB_REPORT.PDF	https://www.nsa.gov/Helpful-Links/NSA-FOIA/Frequently-Requested-Information/Unidentified-Flying-Objects-UFOs/?igpage=6
existing	3921749	a2bfd6163c84cce75d06e0b185709f8babb5adee9c63a54d1405b5c29dd77d9e	pdfs/fy2011-4q-iob-report-pdf.pdf	FY2011_4Q_IOB_REPORT.PDF	https://media.defense.gov/2021/Jul/12/2002760629/-1/-1/0/FY2011_4Q_IOB_REPORT.PDF	https://www.nsa.gov/Helpful-Links/NSA-FOIA/Frequently-Requested-Information/Unidentified-Flying-Objects-UFOs/?igpage=6
existing	4352792	f05cedf98a32ca9dc484e2fe4407d8669d11baee714f1b4f1b9521ee7cd94e05	pdfs/fy2012-1q-iob-report-pdf.pdf	FY2012_1Q_IOB_REPORT.PDF	https://media.defense.gov/2021/Jul/12/2002760619/-1/-1/0/FY2012_1Q_IOB_REPORT.PDF	https://www.nsa.gov/Helpful-Links/NSA-FOIA/Frequently-Requested-Information/Unidentified-Flying-Objects-UFOs/?igpage=7
existing	6644841	14dd06016bf45ea11d3e019d18c879abd44d605eb62dc92ec828ae6320af0d6f	pdfs/fy2012-2q-iob-report-pdf.pdf	FY2012_2Q_IOB_REPORT.PDF	https://media.defense.gov/2021/Jul/12/2002760621/-1/-1/0/FY2012_2Q_IOB_REPORT.PDF	https://www.nsa.gov/Helpful-Links/NSA-FOIA/Frequently-Requested-Information/Unidentified-Flying-Objects-UFOs/?igpage=6
existing	4739495	addcc65279463c6f0ed65908023db9f3f0a78570fc6f5741cee22880c11183f2	pdfs/fy2012-3q-iob-report-pdf.pdf	FY2012_3Q_IOB_REPORT.PDF	https://media.defense.gov/2021/Jul/12/2002760624/-1/-1/0/FY2012_3Q_IOB_REPORT.PDF	https://www.nsa.gov/Helpful-Links/NSA-FOIA/Frequently-Requested-Information/Unidentified-Flying-Objects-UFOs/?igpage=6
existing	5992830	0480ad7068e85ce354990efb9e28fc4757e499f847cdeac02052255ebb195203	pdfs/fy2012-4q-iob-report-pdf.pdf	FY2012_4Q_IOB_REPORT.PDF	https://media.defense.gov/2021/Jul/12/2002760622/-1/-1/0/FY2012_4Q_IOB_REPORT.PDF	https://www.nsa.gov/Helpful-Links/NSA-FOIA/Frequently-Requested-Information/Unidentified-Flying-Objects-UFOs/?igpage=6
existing	4806132	04268b06dc5f62eae4443917c3a67c420b58a0e1ae10bd805aaf6d6696a15211	pdfs/fy2013-1q-iob-report-pdf.pdf	FY2013_1Q_IOB_REPORT.PDF	https://media.defense.gov/2021/Jul/12/2002760618/-1/-1/0/FY2013_1Q_IOB_REPORT.PDF	https://www.nsa.gov/Helpful-Links/NSA-FOIA/Frequently-Requested-Information/Unidentified-Flying-Objects-UFOs/?igpage=7
existing	2678751	3d56313b4646d04ef60005d5982a86653230841f988ba83e6b9b5a71e2ebdb92	pdfs/fy2013-2q-iob-report-pdf.pdf	FY2013_2Q_IOB_REPORT.PDF	https://media.defense.gov/2021/Jul/12/2002760623/-1/-1/0/FY2013_2Q_IOB_REPORT.PDF	https://www.nsa.gov/Helpful-Links/NSA-FOIA/Frequently-Requested-Information/Unidentified-Flying-Objects-UFOs/?igpage=6
existing	543786	78ce703e8e63fc7f51da63403eb73288aea88814eeb7f1f6a41e49e571543af7	pdfs/gardner-notes-22-oct-91-release-date-03-13-2025.pdf	GARDNER NOTES 22 OCT 91 RELEASE DATE 03-13-2025	https://media.defense.gov/2025/Apr/23/2003695940/-1/-1/0/GARDNER_NOTES_22_OCT_91_RELEASE_DATE_03-13-2025--DEBUROW.PDF	https://www.nsa.gov/Helpful-Links/NSA-FOIA/Frequently-Requested-Information/Unidentified-Flying-Objects-UFOs/
existing	81437	0f45ad19a0f856093af48dbe2b983161ea25ea3c24a19ca17e2356969dc3f71b	pdfs/general-hayden-dirgram-87-personal-obligations-dated-14-april-2000.pdf	General Hayden DIRgram 87: Personal Obligations, dated 14 April 2000	https://media.defense.gov/2021/Jul/12/2002760561/-1/-1/0/GENERAL-HAYDEN-DIRGRAM87-PERSONAL-OBLIGATIONS.PDF	https://www.nsa.gov/Helpful-Links/NSA-FOIA/Frequently-Requested-Information/Unidentified-Flying-Objects-UFOs/?igpage=7
existing	205758	66effd40e5738ea73523293f18a3b7e01ea3080ef7b94dee8f650209c752e4ac	pdfs/handwritten-note-cipher-notes.pdf	Handwritten Note: Cipher Notes	https://media.defense.gov/2021/Jul/12/2002760462/-1/-1/0/DOC_4.PDF	https://www.nsa.gov/Helpful-Links/NSA-FOIA/Frequently-Requested-Information/Unidentified-Flying-Objects-UFOs/?igpage=7
existing	805413	76ed31e3241655564b754485e942a7cba0cd3eea2208f28e23d7c27ec964b0cf	pdfs/highlights-of-the-afsa-22-aug-1958.pdf	Highlights of the AFSA 22 Aug 1958	https://media.defense.gov/2024/Sep/20/2003550781/-1/-1/0/DOCID_6854338_SEALED_OK.PDF	https://www.nsa.gov/Helpful-Links/NSA-FOIA/Frequently-Requested-Information/Unidentified-Flying-Objects-UFOs/?igpage=2
existing	11114066	3ff9cb51a6c79461359682f7ae58a9fbfe4a8687f7d43382fc2ba89d6cd87827	pdfs/history-of-venona-vol-ii-kgb.pdf	History of Venona Vol II KGB	https://media.defense.gov/2024/Sep/20/2003550776/-1/-1/0/DOCID_4322087_SEALED_OK.PDF	https://www.nsa.gov/Helpful-Links/NSA-FOIA/Frequently-Requested-Information/Unidentified-Flying-Objects-UFOs/?igpage=2
existing	5509938	d1c81758e75c9341f65d19ec130300a787fc502e6418ff056b566bc9b3e3cb36	pdfs/history-of-venona-volume-i-chronology-march-1995.pdf	History of Venona Volume I, Chronology March 1995	https://media.defense.gov/2024/Sep/20/2003550786/-1/-1/0/DOCID_6857247_SEALED_OK.PDF	https://www.nsa.gov/Helpful-Links/NSA-FOIA/Frequently-Requested-Information/Unidentified-Flying-Objects-UFOs/?igpage=2
existing	1560876	1222a1e3eae1284ff7f518da4f121c5b8ee74d3f1161a9c3ec1d521b236c6143	pdfs/iob-1q-cy2018-pdf.pdf	IOB 1Q CY2018.PDF	https://media.defense.gov/2021/Jul/12/2002760657/-1/-1/0/IOB%201Q%20CY2018.PDF	https://www.nsa.gov/Helpful-Links/NSA-FOIA/Frequently-Requested-Information/Unidentified-Flying-Objects-UFOs/?igpage=5
existing	1367717	f91336af65b3b210c1c65045a195062ce112ecda95d4a398acacb0929ea8b39c	pdfs/iob-2q-cy2015-pdf.pdf	IOB 2Q CY2015.PDF	https://media.defense.gov/2021/Jul/12/2002760677/-1/-1/0/IOB%202Q%20CY2015.PDF	https://www.nsa.gov/Helpful-Links/NSA-FOIA/Frequently-Requested-Information/Unidentified-Flying-Objects-UFOs/?igpage=4
existing	939913	cd2a05a63a9352a0a5d54bec2e772473842e6c36da5688bb1bfa1a15d5336843	pdfs/iob-2q-cy2018-pdf.pdf	IOB 2Q CY2018.PDF	https://media.defense.gov/2021/Jul/12/2002760675/-1/-1/0/IOB%202Q%20CY2018.PDF	https://www.nsa.gov/Helpful-Links/NSA-FOIA/Frequently-Requested-Information/Unidentified-Flying-Objects-UFOs/?igpage=4
existing	1342997	8ad7f0c39ee6bb670371a3357f188136d4ba9a4de36691ff035a4ef8e80c5686	pdfs/iob-4q-cy2018-pdf.pdf	IOB 4Q CY2018.PDF	https://media.defense.gov/2021/Jul/12/2002760679/-1/-1/0/IOB%204Q%20CY2018.PDF	https://www.nsa.gov/Helpful-Links/NSA-FOIA/Frequently-Requested-Information/Unidentified-Flying-Objects-UFOs/?igpage=4
existing	1090578	8142b17846888ad95c54c929844868031e1d4ab8153c33340373c71d536e9503	pdfs/iv-the-venona-breakthrough.pdf	IV. The Venona Breakthrough	https://media.defense.gov/2024/Sep/20/2003550765/-1/-1/0/DOCID_3034869_SEALED_OK.PDF	https://www.nsa.gov/Helpful-Links/NSA-FOIA/Frequently-Requested-Information/Unidentified-Flying-Objects-UFOs/?igpage=3
existing	5192324	8aa6968f90857a5297d3336c0a95f47a6dd8431e0992e492344df6572db89a0a	pdfs/john-nash-letters-pdf.pdf	John Nash Letters (PDF)	https://media.defense.gov/2021/Jul/12/2002760581/-1/-1/0/NASH_LETTERS1.PDF	https://www.nsa.gov/Helpful-Links/NSA-FOIA/Frequently-Requested-Information/Unidentified-Flying-Objects-UFOs/?igpage=7
existing	8068848	305e4d1af879ef12b4d1aef26f49a28240cf4150ab478ec42ee803564db371d3	pdfs/kryptos-sculpture-memo-dated-26-march-1992.pdf	Kryptos Sculpture Memo, dated 26 March 1992	https://media.defense.gov/2021/Jul/12/2002760458/-1/-1/0/DOC_7.PDF	https://www.nsa.gov/Helpful-Links/NSA-FOIA/Frequently-Requested-Information/Unidentified-Flying-Objects-UFOs/?igpage=8
existing	1633571	8bbeab2aa155fad3eea178360bd96ed3b0a2de37c3d87335c9a925f514af469e	pdfs/kryptos-sculpture-text-of-the-cryptogram.pdf	Kryptos Sculpture: Text of the Cryptogram	https://media.defense.gov/2021/Jul/12/2002760461/-1/-1/0/DOC_8.PDF	https://www.nsa.gov/Helpful-Links/NSA-FOIA/Frequently-Requested-Information/Unidentified-Flying-Objects-UFOs/?igpage=7
existing	5412496	17dd8c103a7cced2555e420eee9693ee792053880dcb02cedbb03076f4235889	pdfs/materials-for-brainstorming-mtg-re-earlier-translations-release-date-03-13-2025.pdf	MATERIALS FOR BRAINSTORMING MTG RE EARLIER TRANSLATIONS RELEASE DATE 03-13-2025	https://media.defense.gov/2025/Apr/23/2003695943/-1/-1/0/MATERIALS_FOR_BRAINSTORMING_MTG_RE_EARLIER_TRANSLATIONS_RELEASE_DATE_03-13-2025--DEBUROW.PDF	https://www.nsa.gov/Helpful-Links/NSA-FOIA/Frequently-Requested-Information/Unidentified-Flying-Objects-UFOs/
existing	598089	a0bf0072f17d60ec84437688412573ab7156db4c58fb21ad1d24eb965f18fbca	pdfs/message-fm-d-dir-rick-ledgett-nsa-lead-for-media-leaks-task-force.pdf	Message fm D/DIR: Rick Ledgett, NSA Lead for Media Leaks Task Force	https://media.defense.gov/2021/Jul/12/2002760597/-1/-1/0/MESSAGE_FM_DDIR.PDF	https://www.nsa.gov/Helpful-Links/NSA-FOIA/Frequently-Requested-Information/Unidentified-Flying-Objects-UFOs/?igpage=7
existing	1385139	41355d13387f60eecbb4ea182ce094caa4a293e530c7574def23e7aef486b9f3	pdfs/national-cryptologic-museum-docent-book-jan-1996.pdf	National Cryptologic Museum Docent Book Jan 1996	https://media.defense.gov/2024/Sep/20/2003550692/-1/-1/0/DOCID_607324_SEALED_OK.PDF	https://www.nsa.gov/Helpful-Links/NSA-FOIA/Frequently-Requested-Information/Unidentified-Flying-Objects-UFOs/?igpage=3
existing	2767695	3394c0467da4ca949ac8768c3577735616c7567019baa2974a6f3d39513dae0d	pdfs/new-research-on-the-voynich-manuscript-proceedings-of-a-seminar-30-november-1976-callimahos-collection.pdf	New Research on the Voynich Manuscript - Proceedings of a Seminar, 30 November 1976 (Callimahos Collection)	https://media.defense.gov/2021/Jul/13/2002761428/-1/-1/0/PROCEEDINGS-OF-A-SEMINAR-30-NOVEMBER-1976.PDF	https://www.nsa.gov/Helpful-Links/NSA-FOIA/Frequently-Requested-Information/Unidentified-Flying-Objects-UFOs/?igpage=3
existing	46343	c61900d33b8d75264df315fae20b4a7c48f340b624336f61105a314e4db18e84	pdfs/nsa-daily-history-today-7-oct-2008.pdf	NSA Daily - History Today 7 Oct 2008	https://media.defense.gov/2024/Sep/20/2003550775/-1/-1/0/DOCID_4190926_SEALED_OK.PDF	https://www.nsa.gov/Helpful-Links/NSA-FOIA/Frequently-Requested-Information/Unidentified-Flying-Objects-UFOs/?igpage=2
existing	2209463	35323009836222c05b4b5bfdb10b4cb78a5e6d9b9fc95d9c4360c9c51f23bfa8	pdfs/nsa-email-final-draft-foia-response-to-individuals.pdf	NSA Email: Final Draft - FOIA Response to Individuals	https://media.defense.gov/2021/Jul/12/2002760600/-1/-1/0/FINAL_DRAFT_EMAIL.PDF	https://www.nsa.gov/Helpful-Links/NSA-FOIA/Frequently-Requested-Information/Unidentified-Flying-Objects-UFOs/?igpage=7
existing	6954078	04fc22689aca2bee11e69d404f7f71a5fcaf40c72c2473ffcb80eb25adcaf49f	pdfs/nsa-email-foias-for-prism-information.pdf	NSA Email: FOIAs for PRISM Information	https://media.defense.gov/2021/Jul/12/2002760598/-1/-1/0/PRISM_EMAIL.PDF	https://www.nsa.gov/Helpful-Links/NSA-FOIA/Frequently-Requested-Information/Unidentified-Flying-Objects-UFOs/?igpage=7
existing	910541	6504386e2230d44ede1d32a8cffdc0309600e39bef4f598716706ee219f6c0a8	pdfs/nsa-email-fw-glomar-letters.pdf	NSA Email: FW GLOMAR Letters	https://media.defense.gov/2021/Jul/12/2002760603/-1/-1/0/FW_GLOMAR_LETTERS_EMAIL.PDF	https://www.nsa.gov/Helpful-Links/NSA-FOIA/Frequently-Requested-Information/Unidentified-Flying-Objects-UFOs/?igpage=7
existing	1654624	d91b0c57587957c79221f317315b0912153d74f1cbe04cedc85da2e73d24d12b	pdfs/nsa-email-language-for-requests-for-metadata-call-detail-records.pdf	NSA Email: Language for Requests for Metadata/Call Detail Records	https://media.defense.gov/2021/Jul/12/2002760604/-1/-1/0/METADATA_CALL_RECORDS_EMAIL.PDF	https://www.nsa.gov/Helpful-Links/NSA-FOIA/Frequently-Requested-Information/Unidentified-Flying-Objects-UFOs/?igpage=7
existing	2497678	9696c80fac456806430f74ee96e2797848b531033a268278195317894deadfc4	pdfs/nsa-email-media-leaks-strategic-guidance-needed-on-engaging-foia-requesters.pdf	NSA Email: Media Leaks Strategic Guidance Needed on Engaging FOIA Requesters	https://media.defense.gov/2021/Jul/12/2002760605/-1/-1/0/STRATEGIC_GUIDANCE_EMAIL.PDF	https://www.nsa.gov/Helpful-Links/NSA-FOIA/Frequently-Requested-Information/Unidentified-Flying-Objects-UFOs/?igpage=7
existing	669832	4384b8072f204211d6720a990b8b6bbb1c3ae790c932eac367847470349f90f1	pdfs/nsa-email-more-discussion.pdf	NSA Email: More Discussion	https://media.defense.gov/2021/Jul/12/2002760594/-1/-1/0/MORE_DISCUSSION_EMAIL.PDF	https://www.nsa.gov/Helpful-Links/NSA-FOIA/Frequently-Requested-Information/Unidentified-Flying-Objects-UFOs/?igpage=7
existing	1446532	5a34fd4269231d7575990d22e0ff522c4fb62c283c09c87a64b6d91841aad7a8	pdfs/nsa-email-re-glomar-letters.pdf	NSA Email: RE GLOMAR Letters	https://media.defense.gov/2021/Jul/12/2002760601/-1/-1/0/RE_GLOMAR_LETTERS_EMAIL.PDF	https://www.nsa.gov/Helpful-Links/NSA-FOIA/Frequently-Requested-Information/Unidentified-Flying-Objects-UFOs/?igpage=7
existing	125499	2dcdd21e7367253b9a36e368e8dafbbdcd991f23f7f811abcfc499fa8d6ab817	pdfs/nsa-history-rocks-the-voynich-manuscript.pdf	NSA History Rocks! The Voynich Manuscript	https://media.defense.gov/2021/Jul/13/2002761429/-1/-1/0/NSA-HISTORY-ROCKS-THE-VOYNICH-MANUSCRIPT.PDF	https://www.nsa.gov/Helpful-Links/NSA-FOIA/Frequently-Requested-Information/Unidentified-Flying-Objects-UFOs/?igpage=3
existing	67987	0bd24ad44740ad80640800157225702ba5a0287e865b460f1707c63d56e6a3ce	pdfs/nsa-index-for-attempts-to-decipher-the-voynich-manuscript.pdf	NSA Index for Attempts to Decipher the Voynich Manuscript	https://media.defense.gov/2021/Jul/13/2002761423/-1/-1/0/NSA-INDEX-FOR-ATTEMPTS-TO-DECIPHER-THE-VOYNICH-MANUSCRIPT.PDF	https://www.nsa.gov/Helpful-Links/NSA-FOIA/Frequently-Requested-Information/Unidentified-Flying-Objects-UFOs/?igpage=3
existing	720870	e05086a17272f172847c73d41ab0215bbbfd12002ec51e68d40bf7647d234561	pdfs/nsa-lead-for-media-leak-tf.pdf	NSA Lead for Media Leak TF	https://media.defense.gov/2021/Jul/12/2002760596/-1/-1/0/2013JUN24_NSA_LEAD.PDF	https://www.nsa.gov/Helpful-Links/NSA-FOIA/Frequently-Requested-Information/Unidentified-Flying-Objects-UFOs/?igpage=7
existing	4554926	9d3d59913f9ff9ba39dbe345a5057695fa20822f2e031e8b9dc70b981b1b36b6	pdfs/nsa-staff-processing-form-cia-kryptos-sculpture.pdf	NSA Staff Processing Form - CIA Kryptos Sculpture	https://media.defense.gov/2021/Jul/12/2002760460/-1/-1/0/DOC_2.PDF	https://www.nsa.gov/Helpful-Links/NSA-FOIA/Frequently-Requested-Information/Unidentified-Flying-Objects-UFOs/?igpage=8
existing	26261913	15c0e482d90096b68fe27d8bbf2b691d5a013826b30ebcfa767199b1a8e5cdf8	pdfs/nsa-presidential-transition-2009-pdf.pdf	NSA_ PRESIDENTIAL TRANSITION 2009.PDF	https://media.defense.gov/2024/Jul/25/2003509982/-1/-1/0/DOCID_4292212_NSA_%20PRESIDENTIAL%20TRANSITION%202009.PDF	https://www.nsa.gov/Helpful-Links/NSA-FOIA/Frequently-Requested-Information/Unidentified-Flying-Objects-UFOs/?igpage=3
existing	17960846	35c93c1e9805d91097616054cfc2405935c9c1fd73433b6a23c232d9140ed21f	pdfs/presidential-transition-2001-nsa-briefs-a-new-administration-pdf.pdf	Presidential Transition 2001: NSA Briefs a New Administration (PDF)	https://media.defense.gov/2021/Jul/12/2002760738/-1/-1/0/PRESIDENTIAL-TRANSITION.PDF	https://www.nsa.gov/Helpful-Links/NSA-FOIA/Frequently-Requested-Information/Unidentified-Flying-Objects-UFOs/?igpage=4
existing	7548189	58dbe10b0b8286f3b19d9ee4a7956f90217573653e12adab9a9370811421e189	pdfs/presidential-transition-2016-cyber-brief.pdf	Presidential Transition 2016 Cyber brief	https://media.defense.gov/2021/Jul/12/2002760753/-1/-1/0/CYBER_BRIEF.PDF	https://www.nsa.gov/Helpful-Links/NSA-FOIA/Frequently-Requested-Information/Unidentified-Flying-Objects-UFOs/?igpage=4
existing	76209	2e114f88736d0ccf56f19c188bc67d236b2970d2d64e3ea8ae0a8421d9401686	pdfs/presidential-transition-2016-documents-press-kit-insert-1.pdf	Presidential Transition 2016 Documents Press Kit Insert 1	https://media.defense.gov/2021/Jul/12/2002760759/-1/-1/0/2016_INSERT_1_CYBER_6.PDF	https://www.nsa.gov/Helpful-Links/NSA-FOIA/Frequently-Requested-Information/Unidentified-Flying-Objects-UFOs/?igpage=3
existing	69624	3c29e0e81aa1220611768881cfa4627ab301700c7415ad21d68b137c66eecdcf	pdfs/presidential-transition-2016-documents-press-kit-insert-2.pdf	Presidential Transition 2016 Documents Press Kit insert 2	https://media.defense.gov/2021/Jul/12/2002760761/-1/-1/0/2016_INSERT_2_CIVIL_LIBERTIES_5.PDF	https://www.nsa.gov/Helpful-Links/NSA-FOIA/Frequently-Requested-Information/Unidentified-Flying-Objects-UFOs/?igpage=3
existing	81916	3d40997487e4fb827b627d46630575653569c66a60fa9c618b4b7ae650a056fe	pdfs/presidential-transition-2016-documents-press-kit-insert-3.pdf	Presidential Transition 2016 Documents Press Kit insert 3	https://media.defense.gov/2021/Jul/12/2002760748/-1/-1/0/2016_INSERT_3_DID_YOU_KNOW_4.PDF	https://www.nsa.gov/Helpful-Links/NSA-FOIA/Frequently-Requested-Information/Unidentified-Flying-Objects-UFOs/?igpage=4
existing	3386843	89dffcb15a73cbc9370cf9d2bff4378fab3d7b8d7036a08f99495d4c9fd161f0	pdfs/presidential-transition-2016-research-initiatives-brief.pdf	Presidential Transition 2016 Research Initiatives brief	https://media.defense.gov/2021/Jul/12/2002760741/-1/-1/0/RESEARCH_INITIATIVES_BRIEF.PDF	https://www.nsa.gov/Helpful-Links/NSA-FOIA/Frequently-Requested-Information/Unidentified-Flying-Objects-UFOs/?igpage=4
existing	1432211	015a6549519505eb8b2a5bca31bc7219b3d4d6c562b7c40cc676de70cc952e1c	pdfs/presidential-transition-2016-signals-intelligence-functional-manager-brief.pdf	Presidential Transition 2016 Signals Intelligence Functional Manager brief	https://media.defense.gov/2021/Jul/12/2002760743/-1/-1/0/SIGNALS-INTELLIGENCE-FUNCTIONAL-MANAGER-BRIEF.PDF	https://www.nsa.gov/Helpful-Links/NSA-FOIA/Frequently-Requested-Information/Unidentified-Flying-Objects-UFOs/?igpage=4
existing	5246990	18ddf4de537e323450a5f3d83f0abc35c3338d15117a0dbb025cce2b8f4e1935	pdfs/presidential-transition-2016-transition-team-introduction-to-nsa.pdf	Presidential Transition 2016 Transition Team Introduction to NSA	https://media.defense.gov/2021/Jul/12/2002760745/-1/-1/0/TRANSITION-TEAM-INTRODUCTION-TO-NSA.PDF	https://www.nsa.gov/Helpful-Links/NSA-FOIA/Frequently-Requested-Information/Unidentified-Flying-Objects-UFOs/?igpage=4
existing	395169	2285ab51b119601ac6162fa2af7466859b90daf936edfa1aba6531d77bcb77ae	pdfs/press-kit.pdf	Press Kit	https://media.defense.gov/2021/Jul/12/2002760763/-1/-1/0/PRESIDENTIAL-TRANSITION-2016-NSA-PRESS-KIT.PDF	https://www.nsa.gov/Helpful-Links/NSA-FOIA/Frequently-Requested-Information/Unidentified-Flying-Objects-UFOs/?igpage=3
existing	95273	d3668ec29e4e415426ec9fc870d2e8c91bf687488f16bf6d179153e3e270fda6	pdfs/press-kit-insert-5.pdf	Press Kit Insert 5	https://media.defense.gov/2021/Jul/12/2002760764/-1/-1/0/2016_INSERT_5_SECURE_FUTURE_4.PDF	https://www.nsa.gov/Helpful-Links/NSA-FOIA/Frequently-Requested-Information/Unidentified-Flying-Objects-UFOs/?igpage=3
existing	9397947	d3b13c1d4d266bb486db9d8c02e3fbd586b28b530174d156172b21e4048e9b05	pdfs/previous-dirgram-postings.pdf	PREVIOUS DIRGRAM POSTINGS	https://media.defense.gov/2025/Feb/03/2003636825/-1/-1/0/PREVIOUS%20DIRGRAM%20POSTINGS.PDF	https://www.nsa.gov/Helpful-Links/NSA-FOIA/Frequently-Requested-Information/Unidentified-Flying-Objects-UFOs/
existing	235753	036d0698f7bd1b564a3fe68f70e34463b10ad8499ea46a90ca740dafbcf63a64	pdfs/public-speeches-and-blogs-17-feb-2000.pdf	Public Speeches and Blogs 17 Feb 2000	https://media.defense.gov/2024/Sep/20/2003550783/-1/-1/0/DOCID_6857218_SEALED_OK.PDF	https://www.nsa.gov/Helpful-Links/NSA-FOIA/Frequently-Requested-Information/Unidentified-Flying-Objects-UFOs/?igpage=2
existing	682587	85b2996ffb4d6af88935e52d73a10aca9a1fa938b1001d9af7222eabb7855c76	pdfs/recruitment-of-agents-1944-release-date-03-13-2025.pdf	RECRUITMENT OF AGENTS 1944 RELEASE DATE 03-13-2025	https://media.defense.gov/2025/Apr/23/2003695945/-1/-1/0/RECRUITMENT_OF_AGENTS_1944_RELEASE_DATE_03-13-2025--DEBUROW.PDF	https://www.nsa.gov/Helpful-Links/NSA-FOIA/Frequently-Requested-Information/Unidentified-Flying-Objects-UFOs/
existing	178179	e0c222f8642b8235f17d48cde9993cc7c130fc1618f7af04a2878312139fa908	pdfs/release-of-venona-translations.pdf	Release of Venona Translations	https://media.defense.gov/2024/Sep/20/2003550769/-1/-1/0/DOCID_3148766_SEALED_OK.PDF	https://www.nsa.gov/Helpful-Links/NSA-FOIA/Frequently-Requested-Information/Unidentified-Flying-Objects-UFOs/?igpage=3
existing	620414	a7c9c2e20e52399b8c6a0ce69e0858aed51dc0e8ee814af3bb5825a2781f16de	pdfs/review-of-special-material-relating-to-rosenberg-case-release-date-03-13-2025.pdf	REVIEW OF SPECIAL MATERIAL RELATING TO ROSENBERG CASE RELEASE DATE 03-13-2025	https://media.defense.gov/2025/Apr/23/2003695948/-1/-1/0/REVIEW_OF_SPECIAL_MATERIAL_RELATING_TO_ROSENBERG_CASE_RELEASE_DATE_03-13-2025--DEBUROW.PDF	https://www.nsa.gov/Helpful-Links/NSA-FOIA/Frequently-Requested-Information/Unidentified-Flying-Objects-UFOs/
existing	608813	580a15e1b78db17fb526e6ed6284cbd055a15b3ab6edf9c402d6332127f9357d	pdfs/snowden-email.pdf	Snowden Email	https://media.defense.gov/2021/Jul/12/2002760599/-1/-1/0/SNOWDEN_EMAIL.PDF	https://www.nsa.gov/Helpful-Links/NSA-FOIA/Frequently-Requested-Information/Unidentified-Flying-Objects-UFOs/?igpage=7
existing	44438059	43bfa5c874a89b9386d0970170315673b9629691a8bc0945036bfdc07ca04db9	pdfs/the-cia-kryptos-sculpture-slides.pdf	The CIA KRYPTOS Sculpture Slides	https://media.defense.gov/2021/Jul/12/2002760451/-1/-1/0/KRYPTOS_SLIDES.PDF	https://www.nsa.gov/Helpful-Links/NSA-FOIA/Frequently-Requested-Information/Unidentified-Flying-Objects-UFOs/?igpage=8
existing	12279162	b24a7ca1d6f670fade85cafb2562bec4a7edb992b4dab78bace4934f59982f15	pdfs/the-cia-kryptos-sculpture-a-summary-of-previous-work-and-new-revelations.pdf	The CIA KRYPTOS Sculpture: A summary of Previous Work and New Revelations	https://media.defense.gov/2021/Jul/12/2002760463/-1/-1/0/KRYPTOS_SUMMARY.PDF	https://www.nsa.gov/Helpful-Links/NSA-FOIA/Frequently-Requested-Information/Unidentified-Flying-Objects-UFOs/?igpage=7
existing	40648878	88daf515bf02c94c4ae6a9b114f8a671a00acc4c36ca013946d3ececcdf4a4d5	pdfs/the-director-s-work-plan-for-change-dated-1-october-1999.pdf	The Director's Work Plan for Change, dated 1 October 1999	https://media.defense.gov/2021/Jul/12/2002760559/-1/-1/0/DIRECTORS_WORK_PLAN.PDF	https://www.nsa.gov/Helpful-Links/NSA-FOIA/Frequently-Requested-Information/Unidentified-Flying-Objects-UFOs/?igpage=7
existing	1478450	8734c3ba68f4b3de91a3141706c0d66a05e9871fcf240aef2f126d653fcf44d7	pdfs/the-joseph-mccarthy-non-connection-cryptologic-almanac-release-date-03-13-2025.pdf	THE JOSEPH MCCARTHY NON CONNECTION CRYPTOLOGIC ALMANAC RELEASE DATE 03-13-2025	https://media.defense.gov/2025/Apr/23/2003695951/-1/-1/0/THE_JOSEPH_MCCARTHY_NON_CONNECTION_CRYPTOLOGIC_ALMANAC_RELEASE_DATE_03-13-2025--DEBUROW.PDF	https://www.nsa.gov/Helpful-Links/NSA-FOIA/Frequently-Requested-Information/Unidentified-Flying-Objects-UFOs/
existing	12161103	2050a112ebd297ece4aa5071328241c7076bc5fe3e1237cba394c74ce865b037	pdfs/the-voynich-manuscript.pdf	The Voynich Manuscript	https://media.defense.gov/2021/Jul/13/2002761419/-1/-1/0/THE-VOYNICH-MANUSCRIPT.PDF	https://www.nsa.gov/Helpful-Links/NSA-FOIA/Frequently-Requested-Information/Unidentified-Flying-Objects-UFOs/?igpage=3
existing	8679571	1fd9a3adbf86234a4cce12b9f874d87a667d0548f1a3d960ee1543191429d632	pdfs/united-states-cryptologic-history-series-vi-volume-5-1952-present.pdf	United States Cryptologic History Series VI Volume 5 1952-Present	https://media.defense.gov/2024/Sep/20/2003550784/-1/-1/0/DOCID_6857232_SEALED_OK.PDF	https://www.nsa.gov/Helpful-Links/NSA-FOIA/Frequently-Requested-Information/Unidentified-Flying-Objects-UFOs/?igpage=2
existing	1172165	4d9110a87cff1c56285125a263a7683d1558a6a7c6e13818c72c5cbf0c721f9e	pdfs/united-states-vs-thomas-drake-pdf-what-a-wonderful-success.pdf	United States vs. Thomas Drake - (PDF) What a Wonderful Success!	https://media.defense.gov/2021/Jul/13/2002761416/-1/-1/0/WHAT-A-SUCCESS.PDF	https://www.nsa.gov/Helpful-Links/NSA-FOIA/Frequently-Requested-Information/Unidentified-Flying-Objects-UFOs/?igpage=3
existing	9178817	5eced7cd83ac8584a2a9a6a43242aab8872b288120016c1d5a6eccb4a41b94b1	pdfs/venona-documents-action-memo-release-date-03-13-2025.pdf	VENONA DOCUMENTS ACTION MEMO RELEASE DATE 03-13-2025	https://media.defense.gov/2025/Apr/23/2003695953/-1/-1/0/VENONA_DOCUMENTS-ACTION_MEMO_RELEASE_DATE_03-13-2025--DEBUROW.PDF	https://www.nsa.gov/Helpful-Links/NSA-FOIA/Frequently-Requested-Information/Unidentified-Flying-Objects-UFOs/
existing	445482	aa6f2f0e83935e3bf057ddd02b366b4f7cb19d52eb11f0326e1f29d91de66398	pdfs/venona-new-york-to-moscow-1340-reissue-t1362-release-date-03-13-2025.pdf	VENONA NEW YORK TO MOSCOW 1340 REISSUE T1362 RELEASE DATE 03-13-2025	https://media.defense.gov/2025/Apr/23/2003695954/-1/-1/0/VENONA-NEW_YORK_TO_MOSCOW_1340_REISSUE_T1362_RELEASE_DATE_03-13-2025--DEBUROW.PDF	https://www.nsa.gov/Helpful-Links/NSA-FOIA/Frequently-Requested-Information/Unidentified-Flying-Objects-UFOs/
existing	840588	09a289bbf39de1bded6727eac413e6c3a47f9dc0ddb457044914200da3a76ec9	pdfs/venona-new-york-to-moscow-1657-reissue-t9-2-release-date-03-13-2025.pdf	VENONA NEW YORK TO MOSCOW 1657 REISSUE T9.2 Release Date 03-13-2025	https://media.defense.gov/2025/Apr/23/2003695956/-1/-1/0/VENONA-NEW_YORK_TO_MOSCOW_1657_REISSUE_T9.2_RELEASE_DATE_03-13-2025--DEBUROW.PDF	https://www.nsa.gov/Helpful-Links/NSA-FOIA/Frequently-Requested-Information/Unidentified-Flying-Objects-UFOs/
existing	322887	9d33180a2ebde5af7d28d56f074cb79d6003a91c364d916b00e024f8317d8e34	pdfs/vice-president-pence-visits-nsa-to-visit-admiral-rogers-on-6-september-2017-photo.pdf	Vice President Pence visits NSA to visit Admiral Rogers on 6 September 2017 (photo)	https://media.defense.gov/2021/Jul/12/2002760735/-1/-1/0/VICE-PRESIDENT-PENCE-VISITS-NSA-TO-VISIT-ADMIRAL-ROGERS.PDF	https://www.nsa.gov/Helpful-Links/NSA-FOIA/Frequently-Requested-Information/Unidentified-Flying-Objects-UFOs/?igpage=4
existing	242624	af7b0951d379a62417bef11cd8152cefcc3e701f4909506787bcb62acbd209d5	pdfs/voynich-manuscript-cipher-writings.pdf	Voynich Manuscript, Cipher Writings	https://media.defense.gov/2021/Jul/13/2002761425/-1/-1/0/VOYNICH-MANUSCRIPT-CIPHER-WRITINGS.PDF	https://www.nsa.gov/Helpful-Links/NSA-FOIA/Frequently-Requested-Information/Unidentified-Flying-Objects-UFOs/?igpage=3
existing	78099	e47ac62e28177baa1deffb73a74fc1875e4dbf78c33aefb52dc7bb8ea5c4da69	pdfs/voynich-manuscript-tordella-correspondence.pdf	Voynich Manuscript, Tordella Correspondence	https://media.defense.gov/2021/Jul/13/2002761426/-1/-1/0/VOYNICH-MANUSCRIPT-TORDELLA-CORRESPONDENCE.PDF	https://www.nsa.gov/Helpful-Links/NSA-FOIA/Frequently-Requested-Information/Unidentified-Flying-Objects-UFOs/?igpage=3
existing	436783	bc5b429934d0ea6323e757d18deb6c2b9f5ad7cb4201eaf6472b016277032958	pdfs/what-every-cryptologist-should-know-about-pearl-harbor.pdf	What Every Cryptologist Should Know about Pearl Harbor	https://media.defense.gov/2024/Sep/20/2003550771/-1/-1/0/DOCID_3177591_SEALED_OK.PDF	https://www.nsa.gov/Helpful-Links/NSA-FOIA/Frequently-Requested-Information/Unidentified-Flying-Objects-UFOs/?igpage=3
